Warning: You are sending unauthenticated requests to the HF Hub. Please set a HF_TOKEN to enable higher rate limits and faster downloads.
Loading weights:   0%|          | 0/290 [00:00<?, ?it/s]Loading weights: 100%|##########| 290/290 [00:00<00:00, 14501.22it/s]
loaded; total_mlp_neurons=116736
[capture] task=coding activation shape on layer0: (1, 62, 4864) (B,S,intermediate)
[capture] task=math activation shape on layer0: (1, 20, 4864) (B,S,intermediate)
core neurons: 253
[sweep] step=0 control=low seed=None frac=0.0000 nll_target=0.8191336803138256 acc_target=0.75
[sweep] step=0 control=random seed=0 frac=0.0000 nll_target=0.8191336803138256 acc_target=0.75
[sweep] step=0 control=random seed=1 frac=0.0000 nll_target=0.8191336803138256 acc_target=0.75
[sweep] step=0 control=random seed=2 frac=0.0000 nll_target=0.8191336803138256 acc_target=0.75
[sweep] step=1/498 control=low seed=None frac=0.0010 nll_target=0.7612133845686913 acc_target=None elapsed=141.5s
[sweep] step=1/498 control=random seed=0 frac=0.0010 nll_target=0.8072728998959064 acc_target=None elapsed=142.5s
[sweep] step=1/498 control=random seed=1 frac=0.0010 nll_target=0.7982981614768505 acc_target=None elapsed=143.5s
[sweep] step=1/498 control=random seed=2 frac=0.0010 nll_target=0.8383052982389927 acc_target=None elapsed=144.5s
[sweep] step=2/498 control=low seed=None frac=0.0020 nll_target=0.7640973255038261 acc_target=None elapsed=145.5s
[sweep] step=2/498 control=random seed=0 frac=0.0020 nll_target=0.8055715840309858 acc_target=None elapsed=146.5s
[sweep] step=2/498 control=random seed=1 frac=0.0020 nll_target=0.8029610179364681 acc_target=None elapsed=147.5s
[sweep] step=2/498 control=random seed=2 frac=0.0020 nll_target=0.8381068557500839 acc_target=None elapsed=148.5s
[sweep] step=3/498 control=low seed=None frac=0.0030 nll_target=0.7727117091417313 acc_target=None elapsed=149.4s
[sweep] step=3/498 control=random seed=0 frac=0.0030 nll_target=0.8295164499431849 acc_target=None elapsed=150.4s
[sweep] step=3/498 control=random seed=1 frac=0.0030 nll_target=0.8056501522660255 acc_target=None elapsed=151.3s
[sweep] step=3/498 control=random seed=2 frac=0.0030 nll_target=0.8379296083003283 acc_target=None elapsed=152.3s
[sweep] step=4/498 control=low seed=None frac=0.0040 nll_target=0.7678486313670874 acc_target=None elapsed=153.3s
[sweep] step=4/498 control=random seed=0 frac=0.0040 nll_target=0.8257354311645031 acc_target=None elapsed=154.2s
[sweep] step=4/498 control=random seed=1 frac=0.0040 nll_target=0.7978985644876957 acc_target=None elapsed=155.2s
[sweep] step=4/498 control=random seed=2 frac=0.0040 nll_target=0.8206996247172356 acc_target=None elapsed=156.2s
[sweep] step=5/498 control=low seed=None frac=0.0050 nll_target=0.771092576906085 acc_target=None elapsed=157.1s
[sweep] step=5/498 control=random seed=0 frac=0.0050 nll_target=0.8219052813947201 acc_target=None elapsed=158.2s
[sweep] step=5/498 control=random seed=1 frac=0.0050 nll_target=0.7970590647310019 acc_target=None elapsed=159.2s
[sweep] step=5/498 control=random seed=2 frac=0.0050 nll_target=0.8371295984834433 acc_target=None elapsed=160.3s
[sweep] step=6/498 control=low seed=None frac=0.0060 nll_target=0.7749596443027258 acc_target=None elapsed=161.3s
[sweep] step=6/498 control=random seed=0 frac=0.0060 nll_target=0.8238939736038446 acc_target=None elapsed=162.4s
[sweep] step=6/498 control=random seed=1 frac=0.0060 nll_target=0.8276726752519608 acc_target=None elapsed=163.4s
[sweep] step=6/498 control=random seed=2 frac=0.0060 nll_target=0.821442386135459 acc_target=None elapsed=164.3s
[sweep] step=7/498 control=low seed=None frac=0.0070 nll_target=0.7741768080741167 acc_target=None elapsed=165.3s
[sweep] step=7/498 control=random seed=0 frac=0.0070 nll_target=0.8203420676290989 acc_target=None elapsed=166.3s
[sweep] step=7/498 control=random seed=1 frac=0.0070 nll_target=0.8122246321290731 acc_target=None elapsed=167.2s
[sweep] step=7/498 control=random seed=2 frac=0.0070 nll_target=0.8244286589324474 acc_target=None elapsed=168.2s
[sweep] step=8/498 control=low seed=None frac=0.0080 nll_target=0.7690387703478336 acc_target=None elapsed=169.1s
[sweep] step=8/498 control=random seed=0 frac=0.0080 nll_target=0.8139809258282185 acc_target=None elapsed=170.1s
[sweep] step=8/498 control=random seed=1 frac=0.0080 nll_target=0.8269472513347864 acc_target=None elapsed=171.1s
[sweep] step=8/498 control=random seed=2 frac=0.0080 nll_target=0.8343884497880936 acc_target=None elapsed=172.1s
[sweep] step=9/498 control=low seed=None frac=0.0090 nll_target=0.7708985116332769 acc_target=None elapsed=173.0s
[sweep] step=9/498 control=random seed=0 frac=0.0090 nll_target=0.8198884073644876 acc_target=None elapsed=174.1s
[sweep] step=9/498 control=random seed=1 frac=0.0090 nll_target=0.8393387161195278 acc_target=None elapsed=175.0s
[sweep] step=9/498 control=random seed=2 frac=0.0090 nll_target=0.8158892244100571 acc_target=None elapsed=176.0s
[sweep] step=10/498 control=low seed=None frac=0.0100 nll_target=0.7766246534883976 acc_target=None elapsed=177.0s
[sweep] step=10/498 control=random seed=0 frac=0.0100 nll_target=0.8124188873916864 acc_target=None elapsed=178.0s
[sweep] step=10/498 control=random seed=1 frac=0.0100 nll_target=0.8616638146340847 acc_target=None elapsed=179.1s
[sweep] step=10/498 control=random seed=2 frac=0.0100 nll_target=0.8355944138020277 acc_target=None elapsed=180.0s
[sweep] step=11/498 control=low seed=None frac=0.0110 nll_target=0.7755210027098656 acc_target=None elapsed=181.0s
[sweep] step=11/498 control=random seed=0 frac=0.0110 nll_target=0.8258404694497585 acc_target=None elapsed=181.9s
[sweep] step=11/498 control=random seed=1 frac=0.0110 nll_target=0.8611382395029068 acc_target=None elapsed=182.9s
[sweep] step=11/498 control=random seed=2 frac=0.0110 nll_target=0.8491683099418879 acc_target=None elapsed=183.9s
[sweep] step=12/498 control=low seed=None frac=0.0120 nll_target=0.7701012063771486 acc_target=None elapsed=184.9s
[sweep] step=12/498 control=random seed=0 frac=0.0120 nll_target=0.8105166871100664 acc_target=None elapsed=185.9s
[sweep] step=12/498 control=random seed=1 frac=0.0120 nll_target=0.8553798981010914 acc_target=None elapsed=186.8s
[sweep] step=12/498 control=random seed=2 frac=0.0120 nll_target=0.8142886385321617 acc_target=None elapsed=187.9s
[sweep] step=13/498 control=low seed=None frac=0.0130 nll_target=0.7639637999236584 acc_target=None elapsed=188.9s
[sweep] step=13/498 control=random seed=0 frac=0.0130 nll_target=0.8207751270383596 acc_target=None elapsed=189.9s
[sweep] step=13/498 control=random seed=1 frac=0.0130 nll_target=0.8553264178335667 acc_target=None elapsed=191.0s
[sweep] step=13/498 control=random seed=2 frac=0.0130 nll_target=0.8223114889115095 acc_target=None elapsed=192.0s
[sweep] step=14/498 control=low seed=None frac=0.0140 nll_target=0.755240073427558 acc_target=None elapsed=193.0s
[sweep] step=14/498 control=random seed=0 frac=0.0140 nll_target=0.8168083671480417 acc_target=None elapsed=194.0s
[sweep] step=14/498 control=random seed=1 frac=0.0140 nll_target=0.8522886894643307 acc_target=None elapsed=195.0s
[sweep] step=14/498 control=random seed=2 frac=0.0140 nll_target=0.8227583095431328 acc_target=None elapsed=195.9s
[sweep] step=15/498 control=low seed=None frac=0.0150 nll_target=0.7606974504888058 acc_target=None elapsed=196.9s
[sweep] step=15/498 control=random seed=0 frac=0.0150 nll_target=0.8296397514641285 acc_target=None elapsed=197.8s
[sweep] step=15/498 control=random seed=1 frac=0.0150 nll_target=0.8658168092370033 acc_target=None elapsed=198.9s
[sweep] step=15/498 control=random seed=2 frac=0.0150 nll_target=0.8331953622400761 acc_target=None elapsed=199.8s
[sweep] step=16/498 control=low seed=None frac=0.0160 nll_target=0.7631992362439632 acc_target=None elapsed=200.8s
[sweep] step=16/498 control=random seed=0 frac=0.0160 nll_target=0.8171151503920555 acc_target=None elapsed=201.8s
[sweep] step=16/498 control=random seed=1 frac=0.0160 nll_target=0.8636034820228815 acc_target=None elapsed=202.7s
[sweep] step=16/498 control=random seed=2 frac=0.0160 nll_target=0.8372392654418945 acc_target=None elapsed=203.7s
[sweep] step=17/498 control=low seed=None frac=0.0170 nll_target=0.757371349260211 acc_target=None elapsed=204.6s
[sweep] step=17/498 control=random seed=0 frac=0.0170 nll_target=0.8164291363209486 acc_target=None elapsed=205.7s
[sweep] step=17/498 control=random seed=1 frac=0.0170 nll_target=0.8802227694541216 acc_target=None elapsed=206.6s
[sweep] step=17/498 control=random seed=2 frac=0.0170 nll_target=0.8522926978766918 acc_target=None elapsed=207.6s
[sweep] step=18/498 control=low seed=None frac=0.0180 nll_target=0.7551946230232716 acc_target=None elapsed=208.5s
[sweep] step=18/498 control=random seed=0 frac=0.0180 nll_target=0.8169975653290749 acc_target=None elapsed=209.5s
[sweep] step=18/498 control=random seed=1 frac=0.0180 nll_target=0.8690082859247923 acc_target=None elapsed=210.5s
[sweep] step=18/498 control=random seed=2 frac=0.0180 nll_target=0.8672245666384697 acc_target=None elapsed=211.4s
[sweep] step=19/498 control=low seed=None frac=0.0190 nll_target=0.7538308538496494 acc_target=None elapsed=212.4s
[sweep] step=19/498 control=random seed=0 frac=0.0190 nll_target=0.790660297498107 acc_target=None elapsed=213.4s
[sweep] step=19/498 control=random seed=1 frac=0.0190 nll_target=0.865289181470871 acc_target=None elapsed=214.4s
[sweep] step=19/498 control=random seed=2 frac=0.0190 nll_target=0.85982446372509 acc_target=None elapsed=215.4s
[sweep] step=20/498 control=low seed=None frac=0.0200 nll_target=0.7482511829584837 acc_target=None elapsed=216.4s
[sweep] step=20/498 control=random seed=0 frac=0.0200 nll_target=0.789938360452652 acc_target=None elapsed=217.3s
[sweep] step=20/498 control=random seed=1 frac=0.0200 nll_target=0.8771756775677204 acc_target=None elapsed=218.3s
[sweep] step=20/498 control=random seed=2 frac=0.0200 nll_target=0.878849433735013 acc_target=None elapsed=219.2s
[sweep] step=21/498 control=low seed=None frac=0.0210 nll_target=0.7496787458658218 acc_target=None elapsed=220.3s
[sweep] step=21/498 control=random seed=0 frac=0.0210 nll_target=0.7902853637933731 acc_target=None elapsed=221.2s
[sweep] step=21/498 control=random seed=1 frac=0.0210 nll_target=0.8788947761058807 acc_target=None elapsed=222.2s
[sweep] step=21/498 control=random seed=2 frac=0.0210 nll_target=0.8961924314498901 acc_target=None elapsed=223.2s
[sweep] step=22/498 control=low seed=None frac=0.0220 nll_target=0.7473665941506624 acc_target=None elapsed=224.2s
[sweep] step=22/498 control=random seed=0 frac=0.0220 nll_target=0.8006821516901255 acc_target=None elapsed=225.2s
[sweep] step=22/498 control=random seed=1 frac=0.0220 nll_target=0.8715451452881098 acc_target=None elapsed=226.1s
[sweep] step=22/498 control=random seed=2 frac=0.0220 nll_target=0.9104627817869186 acc_target=None elapsed=227.0s
[sweep] step=23/498 control=low seed=None frac=0.0231 nll_target=0.7460175734013319 acc_target=None elapsed=228.0s
[sweep] step=23/498 control=random seed=0 frac=0.0231 nll_target=0.8210210967808962 acc_target=None elapsed=229.0s
[sweep] step=23/498 control=random seed=1 frac=0.0231 nll_target=0.8741490207612514 acc_target=None elapsed=230.0s
[sweep] step=23/498 control=random seed=2 frac=0.0231 nll_target=0.9142898786813021 acc_target=None elapsed=231.0s
[sweep] step=24/498 control=low seed=None frac=0.0241 nll_target=0.7426024954766035 acc_target=None elapsed=232.0s
[sweep] step=24/498 control=random seed=0 frac=0.0241 nll_target=0.8208800535649061 acc_target=None elapsed=233.0s
[sweep] step=24/498 control=random seed=1 frac=0.0241 nll_target=0.8668855410069227 acc_target=None elapsed=234.0s
[sweep] step=24/498 control=random seed=2 frac=0.0241 nll_target=0.9025513902306557 acc_target=None elapsed=234.9s
[sweep] step=25/498 control=low seed=None frac=0.0251 nll_target=0.742994761094451 acc_target=None elapsed=235.9s
[sweep] step=25/498 control=random seed=0 frac=0.0251 nll_target=0.8210944421589375 acc_target=None elapsed=236.9s
[sweep] step=25/498 control=random seed=1 frac=0.0251 nll_target=0.8570170160382986 acc_target=None elapsed=237.9s
[sweep] step=25/498 control=random seed=2 frac=0.0251 nll_target=0.9006245359778404 acc_target=None elapsed=238.8s
[sweep] step=26/498 control=low seed=None frac=0.0261 nll_target=0.7382417991757393 acc_target=None elapsed=239.8s
[sweep] step=26/498 control=random seed=0 frac=0.0261 nll_target=0.8182829841971397 acc_target=None elapsed=240.8s
[sweep] step=26/498 control=random seed=1 frac=0.0261 nll_target=0.8563611507415771 acc_target=None elapsed=241.7s
[sweep] step=26/498 control=random seed=2 frac=0.0261 nll_target=0.9064081236720085 acc_target=None elapsed=242.7s
[sweep] step=27/498 control=low seed=None frac=0.0271 nll_target=0.738397179171443 acc_target=None elapsed=243.7s
[sweep] step=27/498 control=random seed=0 frac=0.0271 nll_target=0.8142363429069519 acc_target=None elapsed=244.6s
[sweep] step=27/498 control=random seed=1 frac=0.0271 nll_target=0.8622774388641119 acc_target=None elapsed=245.8s
[sweep] step=27/498 control=random seed=2 frac=0.0271 nll_target=0.8779220674186945 acc_target=None elapsed=246.8s
[sweep] step=28/498 control=low seed=None frac=0.0281 nll_target=0.7394842989742756 acc_target=None elapsed=247.9s
[sweep] step=28/498 control=random seed=0 frac=0.0281 nll_target=0.7970551904290915 acc_target=None elapsed=249.0s
[sweep] step=28/498 control=random seed=1 frac=0.0281 nll_target=0.8600660506635904 acc_target=None elapsed=250.0s
[sweep] step=28/498 control=random seed=2 frac=0.0281 nll_target=0.8815631829202175 acc_target=None elapsed=251.0s
[sweep] step=29/498 control=low seed=None frac=0.0291 nll_target=0.73897610232234 acc_target=None elapsed=252.0s
[sweep] step=29/498 control=random seed=0 frac=0.0291 nll_target=0.8010344840586185 acc_target=None elapsed=252.9s
[sweep] step=29/498 control=random seed=1 frac=0.0291 nll_target=0.853913327679038 acc_target=None elapsed=253.9s
[sweep] step=29/498 control=random seed=2 frac=0.0291 nll_target=0.889855794608593 acc_target=None elapsed=254.9s
[sweep] step=30/498 control=low seed=None frac=0.0301 nll_target=0.7392415422946215 acc_target=None elapsed=255.9s
[sweep] step=30/498 control=random seed=0 frac=0.0301 nll_target=0.802382243797183 acc_target=None elapsed=256.9s
[sweep] step=30/498 control=random seed=1 frac=0.0301 nll_target=0.8730297293514013 acc_target=None elapsed=257.8s
[sweep] step=30/498 control=random seed=2 frac=0.0301 nll_target=0.8704904839396477 acc_target=None elapsed=258.9s
[sweep] step=31/498 control=low seed=None frac=0.0311 nll_target=0.7349952831864357 acc_target=None elapsed=259.9s
[sweep] step=31/498 control=random seed=0 frac=0.0311 nll_target=0.8209307193756104 acc_target=None elapsed=260.8s
[sweep] step=31/498 control=random seed=1 frac=0.0311 nll_target=0.8740506339818239 acc_target=None elapsed=261.8s
[sweep] step=31/498 control=random seed=2 frac=0.0311 nll_target=0.8878984600305557 acc_target=None elapsed=262.8s
[sweep] step=32/498 control=low seed=None frac=0.0321 nll_target=0.737493509426713 acc_target=None elapsed=263.7s
[sweep] step=32/498 control=random seed=0 frac=0.0321 nll_target=0.829355688765645 acc_target=None elapsed=264.7s
[sweep] step=32/498 control=random seed=1 frac=0.0321 nll_target=0.8599569797515869 acc_target=None elapsed=265.7s
[sweep] step=32/498 control=random seed=2 frac=0.0321 nll_target=0.8904376998543739 acc_target=None elapsed=266.6s
[sweep] step=33/498 control=low seed=None frac=0.0331 nll_target=0.7343296613544226 acc_target=None elapsed=267.7s
[sweep] step=33/498 control=random seed=0 frac=0.0331 nll_target=0.8317331895232201 acc_target=None elapsed=268.6s
[sweep] step=33/498 control=random seed=1 frac=0.0331 nll_target=0.8601081743836403 acc_target=None elapsed=269.6s
[sweep] step=33/498 control=random seed=2 frac=0.0331 nll_target=0.8751957193017006 acc_target=None elapsed=270.6s
[sweep] step=34/498 control=low seed=None frac=0.0341 nll_target=0.7357751522213221 acc_target=None elapsed=271.5s
[sweep] step=34/498 control=random seed=0 frac=0.0341 nll_target=0.8292581234127283 acc_target=None elapsed=272.5s
[sweep] step=34/498 control=random seed=1 frac=0.0341 nll_target=0.8522515390068293 acc_target=None elapsed=273.4s
[sweep] step=34/498 control=random seed=2 frac=0.0341 nll_target=0.8694722503423691 acc_target=None elapsed=274.4s
[sweep] step=35/498 control=low seed=None frac=0.0351 nll_target=0.7375297714024782 acc_target=None elapsed=275.4s
[sweep] step=35/498 control=random seed=0 frac=0.0351 nll_target=0.8313485905528069 acc_target=None elapsed=276.4s
[sweep] step=35/498 control=random seed=1 frac=0.0351 nll_target=0.8605730049312115 acc_target=None elapsed=277.3s
[sweep] step=35/498 control=random seed=2 frac=0.0351 nll_target=0.8571676053106785 acc_target=None elapsed=278.3s
[sweep] step=36/498 control=low seed=None frac=0.0361 nll_target=0.73443204164505 acc_target=None elapsed=279.3s
[sweep] step=36/498 control=random seed=0 frac=0.0361 nll_target=0.8301732074469328 acc_target=None elapsed=280.3s
[sweep] step=36/498 control=random seed=1 frac=0.0361 nll_target=0.8697165176272392 acc_target=None elapsed=281.2s
[sweep] step=36/498 control=random seed=2 frac=0.0361 nll_target=0.8613332416862249 acc_target=None elapsed=282.2s
[sweep] step=37/498 control=low seed=None frac=0.0371 nll_target=0.7386227920651436 acc_target=None elapsed=283.2s
[sweep] step=37/498 control=random seed=0 frac=0.0371 nll_target=0.8338950127363205 acc_target=None elapsed=284.3s
[sweep] step=37/498 control=random seed=1 frac=0.0371 nll_target=0.8591101579368114 acc_target=None elapsed=285.3s
[sweep] step=37/498 control=random seed=2 frac=0.0371 nll_target=0.8737020343542099 acc_target=None elapsed=286.2s
[sweep] step=38/498 control=low seed=None frac=0.0381 nll_target=0.7378464825451374 acc_target=None elapsed=287.2s
[sweep] step=38/498 control=random seed=0 frac=0.0381 nll_target=0.8463557716459036 acc_target=None elapsed=288.2s
[sweep] step=38/498 control=random seed=1 frac=0.0381 nll_target=0.8600032608956099 acc_target=None elapsed=289.1s
[sweep] step=38/498 control=random seed=2 frac=0.0381 nll_target=0.862913254648447 acc_target=None elapsed=290.1s
[sweep] step=39/498 control=low seed=None frac=0.0391 nll_target=0.7368403561413288 acc_target=None elapsed=291.0s
[sweep] step=39/498 control=random seed=0 frac=0.0391 nll_target=0.84267283603549 acc_target=None elapsed=292.0s
[sweep] step=39/498 control=random seed=1 frac=0.0391 nll_target=0.863208195194602 acc_target=None elapsed=293.0s
[sweep] step=39/498 control=random seed=2 frac=0.0391 nll_target=0.8543726243078709 acc_target=None elapsed=294.0s
[sweep] step=40/498 control=low seed=None frac=0.0401 nll_target=0.7378158215433359 acc_target=None elapsed=295.0s
[sweep] step=40/498 control=random seed=0 frac=0.0401 nll_target=0.8629579748958349 acc_target=None elapsed=295.9s
[sweep] step=40/498 control=random seed=1 frac=0.0401 nll_target=0.8688458185642958 acc_target=None elapsed=296.9s
[sweep] step=40/498 control=random seed=2 frac=0.0401 nll_target=0.8609201200306416 acc_target=None elapsed=297.8s
[sweep] step=41/498 control=low seed=None frac=0.0411 nll_target=0.7378338649868965 acc_target=None elapsed=298.8s
[sweep] step=41/498 control=random seed=0 frac=0.0411 nll_target=0.8510858919471502 acc_target=None elapsed=299.7s
[sweep] step=41/498 control=random seed=1 frac=0.0411 nll_target=0.876666096970439 acc_target=None elapsed=300.7s
[sweep] step=41/498 control=random seed=2 frac=0.0411 nll_target=0.8557511530816555 acc_target=None elapsed=301.7s
[sweep] step=42/498 control=low seed=None frac=0.0421 nll_target=0.739245904609561 acc_target=None elapsed=302.7s
[sweep] step=42/498 control=random seed=0 frac=0.0421 nll_target=0.8642231971025467 acc_target=None elapsed=303.7s
[sweep] step=42/498 control=random seed=1 frac=0.0421 nll_target=0.8741117157042027 acc_target=None elapsed=304.7s
[sweep] step=42/498 control=random seed=2 frac=0.0421 nll_target=0.8400163799524307 acc_target=None elapsed=305.7s
[sweep] step=43/498 control=low seed=None frac=0.0431 nll_target=0.7319206018000841 acc_target=None elapsed=306.6s
[sweep] step=43/498 control=random seed=0 frac=0.0431 nll_target=0.8627801276743412 acc_target=None elapsed=307.6s
[sweep] step=43/498 control=random seed=1 frac=0.0431 nll_target=0.8740195091813803 acc_target=None elapsed=308.6s
[sweep] step=43/498 control=random seed=2 frac=0.0431 nll_target=0.8182002417743206 acc_target=None elapsed=309.5s
[sweep] step=44/498 control=low seed=None frac=0.0441 nll_target=0.747101029381156 acc_target=None elapsed=310.5s
[sweep] step=44/498 control=random seed=0 frac=0.0441 nll_target=0.8698851466178894 acc_target=None elapsed=311.5s
[sweep] step=44/498 control=random seed=1 frac=0.0441 nll_target=0.8716232106089592 acc_target=None elapsed=312.5s
[sweep] step=44/498 control=random seed=2 frac=0.0441 nll_target=0.8076701201498508 acc_target=None elapsed=313.5s
[sweep] step=45/498 control=low seed=None frac=0.0451 nll_target=0.7419012431055307 acc_target=None elapsed=314.4s
[sweep] step=45/498 control=random seed=0 frac=0.0451 nll_target=0.8669865876436234 acc_target=None elapsed=315.5s
[sweep] step=45/498 control=random seed=1 frac=0.0451 nll_target=0.8834784869104624 acc_target=None elapsed=316.4s
[sweep] step=45/498 control=random seed=2 frac=0.0451 nll_target=0.8069799728691578 acc_target=None elapsed=317.4s
[sweep] step=46/498 control=low seed=None frac=0.0461 nll_target=0.739035515114665 acc_target=None elapsed=318.4s
[sweep] step=46/498 control=random seed=0 frac=0.0461 nll_target=0.856026004999876 acc_target=None elapsed=319.3s
[sweep] step=46/498 control=random seed=1 frac=0.0461 nll_target=0.881113238632679 acc_target=None elapsed=320.3s
[sweep] step=46/498 control=random seed=2 frac=0.0461 nll_target=0.803462715819478 acc_target=None elapsed=321.3s
[sweep] step=47/498 control=low seed=None frac=0.0471 nll_target=0.7473068628460169 acc_target=None elapsed=322.3s
[sweep] step=47/498 control=random seed=0 frac=0.0471 nll_target=0.8457266055047512 acc_target=None elapsed=323.3s
[sweep] step=47/498 control=random seed=1 frac=0.0471 nll_target=0.879814513027668 acc_target=None elapsed=324.2s
[sweep] step=47/498 control=random seed=2 frac=0.0471 nll_target=0.8047521710395813 acc_target=None elapsed=325.2s
[sweep] step=48/498 control=low seed=None frac=0.0481 nll_target=0.7438577115535736 acc_target=None elapsed=326.1s
[sweep] step=48/498 control=random seed=0 frac=0.0481 nll_target=0.8509671129286289 acc_target=None elapsed=327.1s
[sweep] step=48/498 control=random seed=1 frac=0.0481 nll_target=0.8806965686380863 acc_target=None elapsed=328.1s
[sweep] step=48/498 control=random seed=2 frac=0.0481 nll_target=0.8166962899267673 acc_target=None elapsed=329.0s
[sweep] step=49/498 control=low seed=None frac=0.0491 nll_target=0.75052809715271 acc_target=None elapsed=330.0s
[sweep] step=49/498 control=random seed=0 frac=0.0491 nll_target=0.8415058497339487 acc_target=None elapsed=331.0s
[sweep] step=49/498 control=random seed=1 frac=0.0491 nll_target=0.8814642913639545 acc_target=None elapsed=332.0s
[sweep] step=49/498 control=random seed=2 frac=0.0491 nll_target=0.8302353844046593 acc_target=None elapsed=332.9s
[sweep] step=50/498 control=low seed=None frac=0.0501 nll_target=0.7432041428983212 acc_target=0.5 elapsed=359.8s
[sweep] step=50/498 control=random seed=0 frac=0.0501 nll_target=0.8408929873257875 acc_target=0.375 elapsed=379.2s
[sweep] step=50/498 control=random seed=1 frac=0.0501 nll_target=0.8880186304450035 acc_target=0.6875 elapsed=396.3s
[sweep] step=50/498 control=random seed=2 frac=0.0501 nll_target=0.8374740201979876 acc_target=0.25 elapsed=416.5s
[sweep] step=51/498 control=low seed=None frac=0.0511 nll_target=0.7531378790736198 acc_target=None elapsed=417.5s
[sweep] step=51/498 control=random seed=0 frac=0.0511 nll_target=0.8333106301724911 acc_target=None elapsed=418.5s
[sweep] step=51/498 control=random seed=1 frac=0.0511 nll_target=0.8780502043664455 acc_target=None elapsed=419.4s
[sweep] step=51/498 control=random seed=2 frac=0.0511 nll_target=0.8499275594949722 acc_target=None elapsed=420.4s
[sweep] step=52/498 control=low seed=None frac=0.0521 nll_target=0.7470177747309208 acc_target=None elapsed=421.3s
[sweep] step=52/498 control=random seed=0 frac=0.0521 nll_target=0.8314312230795622 acc_target=None elapsed=422.3s
[sweep] step=52/498 control=random seed=1 frac=0.0521 nll_target=0.8607912249863148 acc_target=None elapsed=423.2s
[sweep] step=52/498 control=random seed=2 frac=0.0521 nll_target=0.8366514649242163 acc_target=None elapsed=424.2s
[sweep] step=53/498 control=low seed=None frac=0.0531 nll_target=0.738769568502903 acc_target=None elapsed=425.2s
[sweep] step=53/498 control=random seed=0 frac=0.0531 nll_target=0.8387565053999424 acc_target=None elapsed=426.2s
[sweep] step=53/498 control=random seed=1 frac=0.0531 nll_target=0.8710882216691971 acc_target=None elapsed=427.2s
[sweep] step=53/498 control=random seed=2 frac=0.0531 nll_target=0.8404872454702854 acc_target=None elapsed=428.3s
[sweep] step=54/498 control=low seed=None frac=0.0541 nll_target=0.7386381831020117 acc_target=None elapsed=429.3s
[sweep] step=54/498 control=random seed=0 frac=0.0541 nll_target=0.836391830816865 acc_target=None elapsed=430.3s
[sweep] step=54/498 control=random seed=1 frac=0.0541 nll_target=0.8746548220515251 acc_target=None elapsed=431.2s
[sweep] step=54/498 control=random seed=2 frac=0.0541 nll_target=0.8404514268040657 acc_target=None elapsed=432.2s
[sweep] step=55/498 control=low seed=None frac=0.0551 nll_target=0.7404653932899237 acc_target=None elapsed=433.2s
[sweep] step=55/498 control=random seed=0 frac=0.0551 nll_target=0.8420048020780087 acc_target=None elapsed=434.2s
[sweep] step=55/498 control=random seed=1 frac=0.0551 nll_target=0.865323830395937 acc_target=None elapsed=435.2s
[sweep] step=55/498 control=random seed=2 frac=0.0551 nll_target=0.8471327237784863 acc_target=None elapsed=436.1s
[sweep] step=56/498 control=low seed=None frac=0.0561 nll_target=0.7405701447278261 acc_target=None elapsed=437.1s
[sweep] step=56/498 control=random seed=0 frac=0.0561 nll_target=0.8446155413985252 acc_target=None elapsed=438.1s
[sweep] step=56/498 control=random seed=1 frac=0.0561 nll_target=0.8648893050849438 acc_target=None elapsed=439.0s
[sweep] step=56/498 control=random seed=2 frac=0.0561 nll_target=0.8555175606161356 acc_target=None elapsed=440.0s
[sweep] step=57/498 control=low seed=None frac=0.0571 nll_target=0.740290267392993 acc_target=None elapsed=440.9s
[sweep] step=57/498 control=random seed=0 frac=0.0571 nll_target=0.8455021064728498 acc_target=None elapsed=441.9s
[sweep] step=57/498 control=random seed=1 frac=0.0571 nll_target=0.8672164268791676 acc_target=None elapsed=442.8s
[sweep] step=57/498 control=random seed=2 frac=0.0571 nll_target=0.8489775452762842 acc_target=None elapsed=443.8s
[sweep] step=58/498 control=low seed=None frac=0.0581 nll_target=0.7397108003497124 acc_target=None elapsed=444.8s
[sweep] step=58/498 control=random seed=0 frac=0.0581 nll_target=0.8464012797921896 acc_target=None elapsed=445.7s
[sweep] step=58/498 control=random seed=1 frac=0.0581 nll_target=0.8778263796120882 acc_target=None elapsed=446.7s
[sweep] step=58/498 control=random seed=2 frac=0.0581 nll_target=0.8475732207298279 acc_target=None elapsed=447.6s
[sweep] step=59/498 control=low seed=None frac=0.0591 nll_target=0.7396333832293749 acc_target=None elapsed=448.6s
[sweep] step=59/498 control=random seed=0 frac=0.0591 nll_target=0.850505743175745 acc_target=None elapsed=449.5s
[sweep] step=59/498 control=random seed=1 frac=0.0591 nll_target=0.8733424432575703 acc_target=None elapsed=450.5s
[sweep] step=59/498 control=random seed=2 frac=0.0591 nll_target=0.8404407929629087 acc_target=None elapsed=451.4s
[sweep] step=60/498 control=low seed=None frac=0.0601 nll_target=0.7439395170658827 acc_target=None elapsed=452.3s
[sweep] step=60/498 control=random seed=0 frac=0.0601 nll_target=0.8559038545936346 acc_target=None elapsed=453.3s
[sweep] step=60/498 control=random seed=1 frac=0.0601 nll_target=0.8842530511319637 acc_target=None elapsed=454.3s
[sweep] step=60/498 control=random seed=2 frac=0.0601 nll_target=0.8499408140778542 acc_target=None elapsed=455.2s
[sweep] step=61/498 control=low seed=None frac=0.0611 nll_target=0.7435798868536949 acc_target=None elapsed=456.2s
[sweep] step=61/498 control=random seed=0 frac=0.0611 nll_target=0.8565488234162331 acc_target=None elapsed=457.1s
[sweep] step=61/498 control=random seed=1 frac=0.0611 nll_target=0.8914568945765495 acc_target=None elapsed=458.0s
[sweep] step=61/498 control=random seed=2 frac=0.0611 nll_target=0.8480150252580643 acc_target=None elapsed=459.1s
[sweep] step=62/498 control=low seed=None frac=0.0621 nll_target=0.7508412599563599 acc_target=None elapsed=460.0s
[sweep] step=62/498 control=random seed=0 frac=0.0621 nll_target=0.8726154416799545 acc_target=None elapsed=461.0s
[sweep] step=62/498 control=random seed=1 frac=0.0621 nll_target=0.8828192763030529 acc_target=None elapsed=461.9s
[sweep] step=62/498 control=random seed=2 frac=0.0621 nll_target=0.8575625848025084 acc_target=None elapsed=462.9s
[sweep] step=63/498 control=low seed=None frac=0.0631 nll_target=0.7527891062200069 acc_target=None elapsed=463.9s
[sweep] step=63/498 control=random seed=0 frac=0.0631 nll_target=0.8898552656173706 acc_target=None elapsed=464.9s
[sweep] step=63/498 control=random seed=1 frac=0.0631 nll_target=0.8847141154110432 acc_target=None elapsed=465.8s
[sweep] step=63/498 control=random seed=2 frac=0.0631 nll_target=0.8568842373788357 acc_target=None elapsed=466.8s
[sweep] step=64/498 control=low seed=None frac=0.0641 nll_target=0.7533699534833431 acc_target=None elapsed=467.7s
[sweep] step=64/498 control=random seed=0 frac=0.0641 nll_target=0.8914743103086948 acc_target=None elapsed=468.7s
[sweep] step=64/498 control=random seed=1 frac=0.0641 nll_target=0.8850120827555656 acc_target=None elapsed=469.6s
[sweep] step=64/498 control=random seed=2 frac=0.0641 nll_target=0.8563287258148193 acc_target=None elapsed=470.6s
[sweep] step=65/498 control=low seed=None frac=0.0651 nll_target=0.7507661115378141 acc_target=None elapsed=471.6s
[sweep] step=65/498 control=random seed=0 frac=0.0651 nll_target=0.894335076212883 acc_target=None elapsed=472.5s
[sweep] step=65/498 control=random seed=1 frac=0.0651 nll_target=0.8785766996443272 acc_target=None elapsed=473.5s
[sweep] step=65/498 control=random seed=2 frac=0.0651 nll_target=0.858807023614645 acc_target=None elapsed=474.4s
[sweep] step=66/498 control=low seed=None frac=0.0661 nll_target=0.7512228842824697 acc_target=None elapsed=475.3s
[sweep] step=66/498 control=random seed=0 frac=0.0661 nll_target=0.9224953018128872 acc_target=None elapsed=476.3s
[sweep] step=66/498 control=random seed=1 frac=0.0661 nll_target=0.8749103136360645 acc_target=None elapsed=477.2s
[sweep] step=66/498 control=random seed=2 frac=0.0661 nll_target=0.8426163233816624 acc_target=None elapsed=478.1s
[sweep] step=67/498 control=low seed=None frac=0.0672 nll_target=0.745676402002573 acc_target=None elapsed=479.1s
[sweep] step=67/498 control=random seed=0 frac=0.0672 nll_target=0.9299549125134945 acc_target=None elapsed=480.1s
[sweep] step=67/498 control=random seed=1 frac=0.0672 nll_target=0.8705056831240654 acc_target=None elapsed=481.1s
[sweep] step=67/498 control=random seed=2 frac=0.0672 nll_target=0.8456591628491879 acc_target=None elapsed=482.0s
[sweep] step=68/498 control=low seed=None frac=0.0682 nll_target=0.7454782649874687 acc_target=None elapsed=483.0s
[sweep] step=68/498 control=random seed=0 frac=0.0682 nll_target=0.9321552328765392 acc_target=None elapsed=483.9s
[sweep] step=68/498 control=random seed=1 frac=0.0682 nll_target=0.8780232891440392 acc_target=None elapsed=484.9s
[sweep] step=68/498 control=random seed=2 frac=0.0682 nll_target=0.8366016745567322 acc_target=None elapsed=485.8s
[sweep] step=69/498 control=low seed=None frac=0.0692 nll_target=0.7443679608404636 acc_target=None elapsed=486.8s
[sweep] step=69/498 control=random seed=0 frac=0.0692 nll_target=0.9370864070951939 acc_target=None elapsed=487.7s
[sweep] step=69/498 control=random seed=1 frac=0.0692 nll_target=0.893562313169241 acc_target=None elapsed=488.7s
[sweep] step=69/498 control=random seed=2 frac=0.0692 nll_target=0.83925636485219 acc_target=None elapsed=489.7s
[sweep] step=70/498 control=low seed=None frac=0.0702 nll_target=0.7412201352417469 acc_target=None elapsed=490.6s
[sweep] step=70/498 control=random seed=0 frac=0.0702 nll_target=0.954460185021162 acc_target=None elapsed=491.6s
[sweep] step=70/498 control=random seed=1 frac=0.0702 nll_target=0.8851736299693584 acc_target=None elapsed=492.6s
[sweep] step=70/498 control=random seed=2 frac=0.0702 nll_target=0.8531591258943081 acc_target=None elapsed=493.6s
[sweep] step=71/498 control=low seed=None frac=0.0712 nll_target=0.7396440897136927 acc_target=None elapsed=494.6s
[sweep] step=71/498 control=random seed=0 frac=0.0712 nll_target=0.9533144608139992 acc_target=None elapsed=495.6s
[sweep] step=71/498 control=random seed=1 frac=0.0712 nll_target=0.8783569745719433 acc_target=None elapsed=496.5s
[sweep] step=71/498 control=random seed=2 frac=0.0712 nll_target=0.8610007856041193 acc_target=None elapsed=497.5s
[sweep] step=72/498 control=low seed=None frac=0.0722 nll_target=0.747204015031457 acc_target=None elapsed=498.5s
[sweep] step=72/498 control=random seed=0 frac=0.0722 nll_target=0.9478169195353985 acc_target=None elapsed=499.5s
[sweep] step=72/498 control=random seed=1 frac=0.0722 nll_target=0.8688313029706478 acc_target=None elapsed=500.4s
[sweep] step=72/498 control=random seed=2 frac=0.0722 nll_target=0.8551533669233322 acc_target=None elapsed=501.4s
[sweep] step=73/498 control=low seed=None frac=0.0732 nll_target=0.7458630818873644 acc_target=None elapsed=502.4s
[sweep] step=73/498 control=random seed=0 frac=0.0732 nll_target=0.948855571448803 acc_target=None elapsed=503.3s
[sweep] step=73/498 control=random seed=1 frac=0.0732 nll_target=0.8769911974668503 acc_target=None elapsed=504.3s
[sweep] step=73/498 control=random seed=2 frac=0.0732 nll_target=0.8647139668464661 acc_target=None elapsed=505.2s
[sweep] step=74/498 control=low seed=None frac=0.0742 nll_target=0.7572793439030647 acc_target=None elapsed=506.2s
[sweep] step=74/498 control=random seed=0 frac=0.0742 nll_target=0.9446393437683582 acc_target=None elapsed=507.2s
[sweep] step=74/498 control=random seed=1 frac=0.0742 nll_target=0.8811847604811192 acc_target=None elapsed=508.2s
[sweep] step=74/498 control=random seed=2 frac=0.0742 nll_target=0.8683082722127438 acc_target=None elapsed=509.1s
[sweep] step=75/498 control=low seed=None frac=0.0752 nll_target=0.7538856733590364 acc_target=None elapsed=510.1s
[sweep] step=75/498 control=random seed=0 frac=0.0752 nll_target=0.9520619176328182 acc_target=None elapsed=511.1s
[sweep] step=75/498 control=random seed=1 frac=0.0752 nll_target=0.8826090395450592 acc_target=None elapsed=512.0s
[sweep] step=75/498 control=random seed=2 frac=0.0752 nll_target=0.8664864115417004 acc_target=None elapsed=513.0s
[sweep] step=76/498 control=low seed=None frac=0.0762 nll_target=0.7561198472976685 acc_target=None elapsed=513.9s
[sweep] step=76/498 control=random seed=0 frac=0.0762 nll_target=0.9509824886918068 acc_target=None elapsed=514.9s
[sweep] step=76/498 control=random seed=1 frac=0.0762 nll_target=0.8927423879504204 acc_target=None elapsed=515.9s
[sweep] step=76/498 control=random seed=2 frac=0.0762 nll_target=0.8623460084199905 acc_target=None elapsed=516.9s
[sweep] step=77/498 control=low seed=None frac=0.0772 nll_target=0.7601266708225012 acc_target=None elapsed=517.9s
[sweep] step=77/498 control=random seed=0 frac=0.0772 nll_target=0.9454815052449703 acc_target=None elapsed=518.9s
[sweep] step=77/498 control=random seed=1 frac=0.0772 nll_target=0.9076012820005417 acc_target=None elapsed=519.9s
[sweep] step=77/498 control=random seed=2 frac=0.0772 nll_target=0.8689891174435616 acc_target=None elapsed=520.9s
[sweep] step=78/498 control=low seed=None frac=0.0782 nll_target=0.7689358908683062 acc_target=None elapsed=521.9s
[sweep] step=78/498 control=random seed=0 frac=0.0782 nll_target=0.9635546952486038 acc_target=None elapsed=522.9s
[sweep] step=78/498 control=random seed=1 frac=0.0782 nll_target=0.9010502360761166 acc_target=None elapsed=523.8s
[sweep] step=78/498 control=random seed=2 frac=0.0782 nll_target=0.8757781833410263 acc_target=None elapsed=524.8s
[sweep] step=79/498 control=low seed=None frac=0.0792 nll_target=0.7678809743374586 acc_target=None elapsed=525.8s
[sweep] step=79/498 control=random seed=0 frac=0.0792 nll_target=0.9674656316637993 acc_target=None elapsed=526.8s
[sweep] step=79/498 control=random seed=1 frac=0.0792 nll_target=0.899486992508173 acc_target=None elapsed=527.7s
[sweep] step=79/498 control=random seed=2 frac=0.0792 nll_target=0.8785171359777451 acc_target=None elapsed=528.7s
[sweep] step=80/498 control=low seed=None frac=0.0802 nll_target=0.7656398192048073 acc_target=None elapsed=529.7s
[sweep] step=80/498 control=random seed=0 frac=0.0802 nll_target=0.9737487882375717 acc_target=None elapsed=530.6s
[sweep] step=80/498 control=random seed=1 frac=0.0802 nll_target=0.8987331911921501 acc_target=None elapsed=531.6s
[sweep] step=80/498 control=random seed=2 frac=0.0802 nll_target=0.8868858180940151 acc_target=None elapsed=532.6s
[sweep] step=81/498 control=low seed=None frac=0.0812 nll_target=0.7686804570257664 acc_target=None elapsed=533.6s
[sweep] step=81/498 control=random seed=0 frac=0.0812 nll_target=0.9738827124238014 acc_target=None elapsed=534.5s
[sweep] step=81/498 control=random seed=1 frac=0.0812 nll_target=0.9051872566342354 acc_target=None elapsed=535.5s
[sweep] step=81/498 control=random seed=2 frac=0.0812 nll_target=0.8770030401647091 acc_target=None elapsed=536.5s
[sweep] step=82/498 control=low seed=None frac=0.0822 nll_target=0.7675678301602602 acc_target=None elapsed=537.4s
[sweep] step=82/498 control=random seed=0 frac=0.0822 nll_target=0.9771587550640106 acc_target=None elapsed=538.4s
[sweep] step=82/498 control=random seed=1 frac=0.0822 nll_target=0.9042631946504116 acc_target=None elapsed=539.3s
[sweep] step=82/498 control=random seed=2 frac=0.0822 nll_target=0.8765335939824581 acc_target=None elapsed=540.3s
[sweep] step=83/498 control=low seed=None frac=0.0832 nll_target=0.7714226096868515 acc_target=None elapsed=541.3s
[sweep] step=83/498 control=random seed=0 frac=0.0832 nll_target=0.9790260978043079 acc_target=None elapsed=542.3s
[sweep] step=83/498 control=random seed=1 frac=0.0832 nll_target=0.8876215107738972 acc_target=None elapsed=543.2s
[sweep] step=83/498 control=random seed=2 frac=0.0832 nll_target=0.8832773827016354 acc_target=None elapsed=544.2s
[sweep] step=84/498 control=low seed=None frac=0.0842 nll_target=0.7680313736200333 acc_target=None elapsed=545.2s
[sweep] step=84/498 control=random seed=0 frac=0.0842 nll_target=0.9875738471746445 acc_target=None elapsed=546.2s
[sweep] step=84/498 control=random seed=1 frac=0.0842 nll_target=0.8865633420646191 acc_target=None elapsed=547.2s
[sweep] step=84/498 control=random seed=2 frac=0.0842 nll_target=0.8908955827355385 acc_target=None elapsed=548.1s
[sweep] step=85/498 control=low seed=None frac=0.0852 nll_target=0.7700234614312649 acc_target=None elapsed=549.1s
[sweep] step=85/498 control=random seed=0 frac=0.0852 nll_target=0.9968532957136631 acc_target=None elapsed=550.1s
[sweep] step=85/498 control=random seed=1 frac=0.0852 nll_target=0.886574525386095 acc_target=None elapsed=551.1s
[sweep] step=85/498 control=random seed=2 frac=0.0852 nll_target=0.9030309356749058 acc_target=None elapsed=552.1s
[sweep] step=86/498 control=low seed=None frac=0.0862 nll_target=0.7691435199230909 acc_target=None elapsed=553.1s
[sweep] step=86/498 control=random seed=0 frac=0.0862 nll_target=1.0016931481659412 acc_target=None elapsed=554.1s
[sweep] step=86/498 control=random seed=1 frac=0.0862 nll_target=0.890399195253849 acc_target=None elapsed=555.1s
[sweep] step=86/498 control=random seed=2 frac=0.0862 nll_target=0.8913155719637871 acc_target=None elapsed=556.1s
[sweep] step=87/498 control=low seed=None frac=0.0872 nll_target=0.7741872277110815 acc_target=None elapsed=557.1s
[sweep] step=87/498 control=random seed=0 frac=0.0872 nll_target=1.0086331516504288 acc_target=None elapsed=558.0s
[sweep] step=87/498 control=random seed=1 frac=0.0872 nll_target=0.8910955227911472 acc_target=None elapsed=559.0s
[sweep] step=87/498 control=random seed=2 frac=0.0872 nll_target=0.8842692710459232 acc_target=None elapsed=559.9s
[sweep] step=88/498 control=low seed=None frac=0.0882 nll_target=0.7840524762868881 acc_target=None elapsed=561.0s
[sweep] step=88/498 control=random seed=0 frac=0.0882 nll_target=1.0146154761314392 acc_target=None elapsed=561.9s
[sweep] step=88/498 control=random seed=1 frac=0.0882 nll_target=0.892857301980257 acc_target=None elapsed=562.9s
[sweep] step=88/498 control=random seed=2 frac=0.0882 nll_target=0.9117728061974049 acc_target=None elapsed=563.8s
[sweep] step=89/498 control=low seed=None frac=0.0892 nll_target=0.7770881149917841 acc_target=None elapsed=564.8s
[sweep] step=89/498 control=random seed=0 frac=0.0892 nll_target=1.0155296251177788 acc_target=None elapsed=565.8s
[sweep] step=89/498 control=random seed=1 frac=0.0892 nll_target=0.8884626552462578 acc_target=None elapsed=566.7s
[sweep] step=89/498 control=random seed=2 frac=0.0892 nll_target=0.9176567271351814 acc_target=None elapsed=567.7s
[sweep] step=90/498 control=low seed=None frac=0.0902 nll_target=0.7801368311047554 acc_target=None elapsed=568.7s
[sweep] step=90/498 control=random seed=0 frac=0.0902 nll_target=1.0118902139365673 acc_target=None elapsed=569.6s
[sweep] step=90/498 control=random seed=1 frac=0.0902 nll_target=0.9059232659637928 acc_target=None elapsed=570.6s
[sweep] step=90/498 control=random seed=2 frac=0.0902 nll_target=0.921593438833952 acc_target=None elapsed=571.7s
[sweep] step=91/498 control=low seed=None frac=0.0912 nll_target=0.7822914589196444 acc_target=None elapsed=572.6s
[sweep] step=91/498 control=random seed=0 frac=0.0912 nll_target=1.0136097744107246 acc_target=None elapsed=573.6s
[sweep] step=91/498 control=random seed=1 frac=0.0912 nll_target=0.90230667963624 acc_target=None elapsed=574.6s
[sweep] step=91/498 control=random seed=2 frac=0.0912 nll_target=0.9183663800358772 acc_target=None elapsed=575.6s
[sweep] step=92/498 control=low seed=None frac=0.0922 nll_target=0.776730777695775 acc_target=None elapsed=576.5s
[sweep] step=92/498 control=random seed=0 frac=0.0922 nll_target=1.0156782567501068 acc_target=None elapsed=577.5s
[sweep] step=92/498 control=random seed=1 frac=0.0922 nll_target=0.9045708999037743 acc_target=None elapsed=578.5s
[sweep] step=92/498 control=random seed=2 frac=0.0922 nll_target=0.9284216463565826 acc_target=None elapsed=579.5s
[sweep] step=93/498 control=low seed=None frac=0.0932 nll_target=0.772356029599905 acc_target=None elapsed=580.5s
[sweep] step=93/498 control=random seed=0 frac=0.0932 nll_target=1.027640487998724 acc_target=None elapsed=581.4s
[sweep] step=93/498 control=random seed=1 frac=0.0932 nll_target=0.897517554461956 acc_target=None elapsed=582.4s
[sweep] step=93/498 control=random seed=2 frac=0.0932 nll_target=0.9308071881532669 acc_target=None elapsed=583.4s
[sweep] step=94/498 control=low seed=None frac=0.0942 nll_target=0.7723983023315668 acc_target=None elapsed=584.3s
[sweep] step=94/498 control=random seed=0 frac=0.0942 nll_target=1.0227051824331284 acc_target=None elapsed=585.3s
[sweep] step=94/498 control=random seed=1 frac=0.0942 nll_target=0.8959304057061672 acc_target=None elapsed=586.3s
[sweep] step=94/498 control=random seed=2 frac=0.0942 nll_target=0.938784584403038 acc_target=None elapsed=587.3s
[sweep] step=95/498 control=low seed=None frac=0.0952 nll_target=0.7692731004208326 acc_target=None elapsed=588.3s
[sweep] step=95/498 control=random seed=0 frac=0.0952 nll_target=1.0727315619587898 acc_target=None elapsed=589.2s
[sweep] step=95/498 control=random seed=1 frac=0.0952 nll_target=0.903001893311739 acc_target=None elapsed=590.2s
[sweep] step=95/498 control=random seed=2 frac=0.0952 nll_target=0.9266670010983944 acc_target=None elapsed=591.2s
[sweep] step=96/498 control=low seed=None frac=0.0962 nll_target=0.7737806681543589 acc_target=None elapsed=592.1s
[sweep] step=96/498 control=random seed=0 frac=0.0962 nll_target=1.0610580630600452 acc_target=None elapsed=593.1s
[sweep] step=96/498 control=random seed=1 frac=0.0962 nll_target=0.9033996053040028 acc_target=None elapsed=594.1s
[sweep] step=96/498 control=random seed=2 frac=0.0962 nll_target=0.9279149957001209 acc_target=None elapsed=595.1s
[sweep] step=97/498 control=low seed=None frac=0.0972 nll_target=0.7764312699437141 acc_target=None elapsed=596.0s
[sweep] step=97/498 control=random seed=0 frac=0.0972 nll_target=1.070727128535509 acc_target=None elapsed=597.0s
[sweep] step=97/498 control=random seed=1 frac=0.0972 nll_target=0.9100868068635464 acc_target=None elapsed=598.0s
[sweep] step=97/498 control=random seed=2 frac=0.0972 nll_target=0.9337764047086239 acc_target=None elapsed=598.9s
[sweep] step=98/498 control=low seed=None frac=0.0982 nll_target=0.7769554480910301 acc_target=None elapsed=599.9s
[sweep] step=98/498 control=random seed=0 frac=0.0982 nll_target=1.0792775750160217 acc_target=None elapsed=600.8s
[sweep] step=98/498 control=random seed=1 frac=0.0982 nll_target=0.9221960678696632 acc_target=None elapsed=601.8s
[sweep] step=98/498 control=random seed=2 frac=0.0982 nll_target=0.9431172050535679 acc_target=None elapsed=602.8s
[sweep] step=99/498 control=low seed=None frac=0.0992 nll_target=0.7770730052143335 acc_target=None elapsed=603.7s
[sweep] step=99/498 control=random seed=0 frac=0.0992 nll_target=1.0838668532669544 acc_target=None elapsed=604.7s
[sweep] step=99/498 control=random seed=1 frac=0.0992 nll_target=0.9299455843865871 acc_target=None elapsed=605.7s
[sweep] step=99/498 control=random seed=2 frac=0.0992 nll_target=0.947761420160532 acc_target=None elapsed=606.7s
[sweep] step=100/498 control=low seed=None frac=0.1002 nll_target=0.7788147646933794 acc_target=0.6875 elapsed=625.4s
[sweep] step=100/498 control=random seed=0 frac=0.1002 nll_target=1.089149259030819 acc_target=0.25 elapsed=644.0s
[sweep] step=100/498 control=random seed=1 frac=0.1002 nll_target=0.9347252212464809 acc_target=0.25 elapsed=673.7s
[sweep] step=100/498 control=random seed=2 frac=0.1002 nll_target=0.9640728123486042 acc_target=0.1875 elapsed=708.2s
[sweep] step=101/498 control=low seed=None frac=0.1012 nll_target=0.777290029451251 acc_target=None elapsed=709.1s
[sweep] step=101/498 control=random seed=0 frac=0.1012 nll_target=1.1071398667991161 acc_target=None elapsed=710.0s
[sweep] step=101/498 control=random seed=1 frac=0.1012 nll_target=0.9655658453702927 acc_target=None elapsed=711.0s
[sweep] step=101/498 control=random seed=2 frac=0.1012 nll_target=0.968338880687952 acc_target=None elapsed=712.0s
[sweep] step=102/498 control=low seed=None frac=0.1022 nll_target=0.7816824037581682 acc_target=None elapsed=712.9s
[sweep] step=102/498 control=random seed=0 frac=0.1022 nll_target=1.1125647462904453 acc_target=None elapsed=713.9s
[sweep] step=102/498 control=random seed=1 frac=0.1022 nll_target=0.9841082207858562 acc_target=None elapsed=714.8s
[sweep] step=102/498 control=random seed=2 frac=0.1022 nll_target=0.9783202335238457 acc_target=None elapsed=715.8s
[sweep] step=103/498 control=low seed=None frac=0.1032 nll_target=0.781170317903161 acc_target=None elapsed=716.7s
[sweep] step=103/498 control=random seed=0 frac=0.1032 nll_target=1.1052829772233963 acc_target=None elapsed=717.7s
[sweep] step=103/498 control=random seed=1 frac=0.1032 nll_target=0.9881678074598312 acc_target=None elapsed=718.6s
[sweep] step=103/498 control=random seed=2 frac=0.1032 nll_target=0.9835798516869545 acc_target=None elapsed=719.6s
[sweep] step=104/498 control=low seed=None frac=0.1042 nll_target=0.7829546816647053 acc_target=None elapsed=720.6s
[sweep] step=104/498 control=random seed=0 frac=0.1042 nll_target=1.110726960003376 acc_target=None elapsed=721.6s
[sweep] step=104/498 control=random seed=1 frac=0.1042 nll_target=1.0003346614539623 acc_target=None elapsed=722.5s
[sweep] step=104/498 control=random seed=2 frac=0.1042 nll_target=1.0099423415958881 acc_target=None elapsed=723.5s
[sweep] step=105/498 control=low seed=None frac=0.1052 nll_target=0.7827706448733807 acc_target=None elapsed=724.4s
[sweep] step=105/498 control=random seed=0 frac=0.1052 nll_target=1.105580035597086 acc_target=None elapsed=725.4s
[sweep] step=105/498 control=random seed=1 frac=0.1052 nll_target=1.0148484781384468 acc_target=None elapsed=726.4s
[sweep] step=105/498 control=random seed=2 frac=0.1052 nll_target=1.0031593218445778 acc_target=None elapsed=727.4s
[sweep] step=106/498 control=low seed=None frac=0.1062 nll_target=0.7811633143573999 acc_target=None elapsed=728.4s
[sweep] step=106/498 control=random seed=0 frac=0.1062 nll_target=1.1089485920965672 acc_target=None elapsed=729.3s
[sweep] step=106/498 control=random seed=1 frac=0.1062 nll_target=1.018087763339281 acc_target=None elapsed=730.3s
[sweep] step=106/498 control=random seed=2 frac=0.1062 nll_target=1.0203381516039371 acc_target=None elapsed=731.3s
[sweep] step=107/498 control=low seed=None frac=0.1072 nll_target=0.7813321109861135 acc_target=None elapsed=732.3s
[sweep] step=107/498 control=random seed=0 frac=0.1072 nll_target=1.1205923520028591 acc_target=None elapsed=733.2s
[sweep] step=107/498 control=random seed=1 frac=0.1072 nll_target=1.0208857357501984 acc_target=None elapsed=734.2s
[sweep] step=107/498 control=random seed=2 frac=0.1072 nll_target=1.0347291864454746 acc_target=None elapsed=735.1s
[sweep] step=108/498 control=low seed=None frac=0.1082 nll_target=0.7779488191008568 acc_target=None elapsed=736.1s
[sweep] step=108/498 control=random seed=0 frac=0.1082 nll_target=1.1109420023858547 acc_target=None elapsed=737.0s
[sweep] step=108/498 control=random seed=1 frac=0.1082 nll_target=1.0328085720539093 acc_target=None elapsed=738.0s
[sweep] step=108/498 control=random seed=2 frac=0.1082 nll_target=1.0305398181080818 acc_target=None elapsed=739.0s
[sweep] step=109/498 control=low seed=None frac=0.1092 nll_target=0.7798399031162262 acc_target=None elapsed=739.9s
[sweep] step=109/498 control=random seed=0 frac=0.1092 nll_target=1.120864287018776 acc_target=None elapsed=740.9s
[sweep] step=109/498 control=random seed=1 frac=0.1092 nll_target=1.0333296209573746 acc_target=None elapsed=741.8s
[sweep] step=109/498 control=random seed=2 frac=0.1092 nll_target=1.0307745188474655 acc_target=None elapsed=742.8s
[sweep] step=110/498 control=low seed=None frac=0.1102 nll_target=0.7773269936442375 acc_target=None elapsed=743.7s
[sweep] step=110/498 control=random seed=0 frac=0.1102 nll_target=1.1220951862633228 acc_target=None elapsed=744.6s
[sweep] step=110/498 control=random seed=1 frac=0.1102 nll_target=1.0302995592355728 acc_target=None elapsed=745.6s
[sweep] step=110/498 control=random seed=2 frac=0.1102 nll_target=1.0179179795086384 acc_target=None elapsed=746.6s
[sweep] step=111/498 control=low seed=None frac=0.1113 nll_target=0.7772047929465771 acc_target=None elapsed=747.5s
[sweep] step=111/498 control=random seed=0 frac=0.1113 nll_target=1.1139292865991592 acc_target=None elapsed=748.5s
[sweep] step=111/498 control=random seed=1 frac=0.1113 nll_target=1.0310507863759995 acc_target=None elapsed=749.4s
[sweep] step=111/498 control=random seed=2 frac=0.1113 nll_target=1.0120146684348583 acc_target=None elapsed=750.4s
[sweep] step=112/498 control=low seed=None frac=0.1123 nll_target=0.7771275006234646 acc_target=None elapsed=751.3s
[sweep] step=112/498 control=random seed=0 frac=0.1123 nll_target=1.1192567721009254 acc_target=None elapsed=752.2s
[sweep] step=112/498 control=random seed=1 frac=0.1123 nll_target=1.0362439639866352 acc_target=None elapsed=753.2s
[sweep] step=112/498 control=random seed=2 frac=0.1123 nll_target=0.9967169910669327 acc_target=None elapsed=754.1s
[sweep] step=113/498 control=low seed=None frac=0.1133 nll_target=0.7787112351506948 acc_target=None elapsed=755.1s
[sweep] step=113/498 control=random seed=0 frac=0.1133 nll_target=1.1229698695242405 acc_target=None elapsed=756.0s
[sweep] step=113/498 control=random seed=1 frac=0.1133 nll_target=1.0409135781228542 acc_target=None elapsed=757.0s
[sweep] step=113/498 control=random seed=2 frac=0.1133 nll_target=0.9971142038702965 acc_target=None elapsed=758.0s
[sweep] step=114/498 control=low seed=None frac=0.1143 nll_target=0.7743523269891739 acc_target=None elapsed=758.9s
[sweep] step=114/498 control=random seed=0 frac=0.1143 nll_target=1.1157551519572735 acc_target=None elapsed=759.8s
[sweep] step=114/498 control=random seed=1 frac=0.1143 nll_target=1.046797450631857 acc_target=None elapsed=760.8s
[sweep] step=114/498 control=random seed=2 frac=0.1143 nll_target=1.0079608708620071 acc_target=None elapsed=761.7s
[sweep] step=115/498 control=low seed=None frac=0.1153 nll_target=0.7789688315242529 acc_target=None elapsed=762.7s
[sweep] step=115/498 control=random seed=0 frac=0.1153 nll_target=1.112247996032238 acc_target=None elapsed=763.6s
[sweep] step=115/498 control=random seed=1 frac=0.1153 nll_target=1.0531308501958847 acc_target=None elapsed=764.6s
[sweep] step=115/498 control=random seed=2 frac=0.1153 nll_target=1.0011689588427544 acc_target=None elapsed=765.5s
[sweep] step=116/498 control=low seed=None frac=0.1163 nll_target=0.7767469212412834 acc_target=None elapsed=766.5s
[sweep] step=116/498 control=random seed=0 frac=0.1163 nll_target=1.098492857068777 acc_target=None elapsed=767.4s
[sweep] step=116/498 control=random seed=1 frac=0.1163 nll_target=1.0576211661100388 acc_target=None elapsed=768.4s
[sweep] step=116/498 control=random seed=2 frac=0.1163 nll_target=0.9981027096509933 acc_target=None elapsed=769.3s
[sweep] step=117/498 control=low seed=None frac=0.1173 nll_target=0.7687396090477705 acc_target=None elapsed=770.2s
[sweep] step=117/498 control=random seed=0 frac=0.1173 nll_target=1.099281582981348 acc_target=None elapsed=771.2s
[sweep] step=117/498 control=random seed=1 frac=0.1173 nll_target=1.056523397564888 acc_target=None elapsed=772.1s
[sweep] step=117/498 control=random seed=2 frac=0.1173 nll_target=0.9926047287881374 acc_target=None elapsed=773.1s
[sweep] step=118/498 control=low seed=None frac=0.1183 nll_target=0.7671865671873093 acc_target=None elapsed=774.1s
[sweep] step=118/498 control=random seed=0 frac=0.1183 nll_target=1.100558564066887 acc_target=None elapsed=775.0s
[sweep] step=118/498 control=random seed=1 frac=0.1183 nll_target=1.0636646822094917 acc_target=None elapsed=776.0s
[sweep] step=118/498 control=random seed=2 frac=0.1183 nll_target=0.9899470880627632 acc_target=None elapsed=777.1s
[sweep] step=119/498 control=low seed=None frac=0.1193 nll_target=0.7663390375673771 acc_target=None elapsed=778.2s
[sweep] step=119/498 control=random seed=0 frac=0.1193 nll_target=1.101633194833994 acc_target=None elapsed=779.1s
[sweep] step=119/498 control=random seed=1 frac=0.1193 nll_target=1.0638840906322002 acc_target=None elapsed=780.1s
[sweep] step=119/498 control=random seed=2 frac=0.1193 nll_target=0.9906753674149513 acc_target=None elapsed=781.0s
[sweep] step=120/498 control=low seed=None frac=0.1203 nll_target=0.762729037553072 acc_target=None elapsed=782.0s
[sweep] step=120/498 control=random seed=0 frac=0.1203 nll_target=1.0904133692383766 acc_target=None elapsed=783.0s
[sweep] step=120/498 control=random seed=1 frac=0.1203 nll_target=1.0806731395423412 acc_target=None elapsed=784.0s
[sweep] step=120/498 control=random seed=2 frac=0.1203 nll_target=0.9947707913815975 acc_target=None elapsed=784.9s
[sweep] step=121/498 control=low seed=None frac=0.1213 nll_target=0.7612463068217039 acc_target=None elapsed=785.9s
[sweep] step=121/498 control=random seed=0 frac=0.1213 nll_target=1.093246340751648 acc_target=None elapsed=786.9s
[sweep] step=121/498 control=random seed=1 frac=0.1213 nll_target=1.085817627608776 acc_target=None elapsed=787.9s
[sweep] step=121/498 control=random seed=2 frac=0.1213 nll_target=0.9970954246819019 acc_target=None elapsed=788.9s
[sweep] step=122/498 control=low seed=None frac=0.1223 nll_target=0.765896562486887 acc_target=None elapsed=789.8s
[sweep] step=122/498 control=random seed=0 frac=0.1223 nll_target=1.0749848000705242 acc_target=None elapsed=790.8s
[sweep] step=122/498 control=random seed=1 frac=0.1223 nll_target=1.0960632003843784 acc_target=None elapsed=791.8s
[sweep] step=122/498 control=random seed=2 frac=0.1223 nll_target=1.0073862634599209 acc_target=None elapsed=792.8s
[sweep] step=123/498 control=low seed=None frac=0.1233 nll_target=0.769498797133565 acc_target=None elapsed=793.8s
[sweep] step=123/498 control=random seed=0 frac=0.1233 nll_target=1.0685095600783825 acc_target=None elapsed=794.8s
[sweep] step=123/498 control=random seed=1 frac=0.1233 nll_target=1.1005861423909664 acc_target=None elapsed=795.8s
[sweep] step=123/498 control=random seed=2 frac=0.1233 nll_target=1.0212913379073143 acc_target=None elapsed=796.7s
[sweep] step=124/498 control=low seed=None frac=0.1243 nll_target=0.7680728826671839 acc_target=None elapsed=797.7s
[sweep] step=124/498 control=random seed=0 frac=0.1243 nll_target=1.0658262111246586 acc_target=None elapsed=798.7s
[sweep] step=124/498 control=random seed=1 frac=0.1243 nll_target=1.1107413060963154 acc_target=None elapsed=799.7s
[sweep] step=124/498 control=random seed=2 frac=0.1243 nll_target=0.9988647513091564 acc_target=None elapsed=800.7s
[sweep] step=125/498 control=low seed=None frac=0.1253 nll_target=0.7700649928301573 acc_target=None elapsed=801.7s
[sweep] step=125/498 control=random seed=0 frac=0.1253 nll_target=1.0779817625880241 acc_target=None elapsed=802.7s
[sweep] step=125/498 control=random seed=1 frac=0.1253 nll_target=1.0979640185832977 acc_target=None elapsed=803.6s
[sweep] step=125/498 control=random seed=2 frac=0.1253 nll_target=1.0106845162808895 acc_target=None elapsed=804.6s
[sweep] step=126/498 control=low seed=None frac=0.1263 nll_target=0.7720063552260399 acc_target=None elapsed=805.6s
[sweep] step=126/498 control=random seed=0 frac=0.1263 nll_target=1.0847654826939106 acc_target=None elapsed=806.6s
[sweep] step=126/498 control=random seed=1 frac=0.1263 nll_target=1.1043154262006283 acc_target=None elapsed=807.5s
[sweep] step=126/498 control=random seed=2 frac=0.1263 nll_target=1.0060052424669266 acc_target=None elapsed=808.5s
[sweep] step=127/498 control=low seed=None frac=0.1273 nll_target=0.7733043618500233 acc_target=None elapsed=809.5s
[sweep] step=127/498 control=random seed=0 frac=0.1273 nll_target=1.0761789679527283 acc_target=None elapsed=810.5s
[sweep] step=127/498 control=random seed=1 frac=0.1273 nll_target=1.1022025682032108 acc_target=None elapsed=811.5s
[sweep] step=127/498 control=random seed=2 frac=0.1273 nll_target=0.9824039302766323 acc_target=None elapsed=812.4s
[sweep] step=128/498 control=low seed=None frac=0.1283 nll_target=0.7780867852270603 acc_target=None elapsed=813.4s
[sweep] step=128/498 control=random seed=0 frac=0.1283 nll_target=1.0802196487784386 acc_target=None elapsed=814.4s
[sweep] step=128/498 control=random seed=1 frac=0.1283 nll_target=1.1077756360173225 acc_target=None elapsed=815.3s
[sweep] step=128/498 control=random seed=2 frac=0.1283 nll_target=0.9875272735953331 acc_target=None elapsed=816.3s
[sweep] step=129/498 control=low seed=None frac=0.1293 nll_target=0.7729675229638815 acc_target=None elapsed=817.3s
[sweep] step=129/498 control=random seed=0 frac=0.1293 nll_target=1.0890492275357246 acc_target=None elapsed=818.3s
[sweep] step=129/498 control=random seed=1 frac=0.1293 nll_target=1.107620682567358 acc_target=None elapsed=819.3s
[sweep] step=129/498 control=random seed=2 frac=0.1293 nll_target=0.9818181842565536 acc_target=None elapsed=820.2s
[sweep] step=130/498 control=low seed=None frac=0.1303 nll_target=0.7748543582856655 acc_target=None elapsed=821.2s
[sweep] step=130/498 control=random seed=0 frac=0.1303 nll_target=1.0821611694991589 acc_target=None elapsed=822.2s
[sweep] step=130/498 control=random seed=1 frac=0.1303 nll_target=1.0994234420359135 acc_target=None elapsed=823.1s
[sweep] step=130/498 control=random seed=2 frac=0.1303 nll_target=0.9896496832370758 acc_target=None elapsed=824.1s
[sweep] step=131/498 control=low seed=None frac=0.1313 nll_target=0.7739637773483992 acc_target=None elapsed=825.1s
[sweep] step=131/498 control=random seed=0 frac=0.1313 nll_target=1.1046290695667267 acc_target=None elapsed=826.1s
[sweep] step=131/498 control=random seed=1 frac=0.1313 nll_target=1.0931577682495117 acc_target=None elapsed=827.0s
[sweep] step=131/498 control=random seed=2 frac=0.1313 nll_target=0.998478926718235 acc_target=None elapsed=828.0s
[sweep] step=132/498 control=low seed=None frac=0.1323 nll_target=0.7654549423605204 acc_target=None elapsed=829.0s
[sweep] step=132/498 control=random seed=0 frac=0.1323 nll_target=1.1056160889565945 acc_target=None elapsed=830.0s
[sweep] step=132/498 control=random seed=1 frac=0.1323 nll_target=1.103363737463951 acc_target=None elapsed=830.9s
[sweep] step=132/498 control=random seed=2 frac=0.1323 nll_target=1.0191036984324455 acc_target=None elapsed=831.9s
[sweep] step=133/498 control=low seed=None frac=0.1333 nll_target=0.7736523598432541 acc_target=None elapsed=832.9s
[sweep] step=133/498 control=random seed=0 frac=0.1333 nll_target=1.1015254966914654 acc_target=None elapsed=833.8s
[sweep] step=133/498 control=random seed=1 frac=0.1333 nll_target=1.1187935173511505 acc_target=None elapsed=834.8s
[sweep] step=133/498 control=random seed=2 frac=0.1333 nll_target=1.021147195249796 acc_target=None elapsed=835.7s
[sweep] step=134/498 control=low seed=None frac=0.1343 nll_target=0.7668603882193565 acc_target=None elapsed=836.7s
[sweep] step=134/498 control=random seed=0 frac=0.1343 nll_target=1.0999156758189201 acc_target=None elapsed=837.7s
[sweep] step=134/498 control=random seed=1 frac=0.1343 nll_target=1.1493845097720623 acc_target=None elapsed=838.7s
[sweep] step=134/498 control=random seed=2 frac=0.1343 nll_target=1.0201259031891823 acc_target=None elapsed=839.7s
[sweep] step=135/498 control=low seed=None frac=0.1353 nll_target=0.7628319729119539 acc_target=None elapsed=840.6s
[sweep] step=135/498 control=random seed=0 frac=0.1353 nll_target=1.0833317451179028 acc_target=None elapsed=841.6s
[sweep] step=135/498 control=random seed=1 frac=0.1353 nll_target=1.138869147747755 acc_target=None elapsed=842.5s
[sweep] step=135/498 control=random seed=2 frac=0.1353 nll_target=1.0162045806646347 acc_target=None elapsed=843.5s
[sweep] step=136/498 control=low seed=None frac=0.1363 nll_target=0.7620283886790276 acc_target=None elapsed=844.5s
[sweep] step=136/498 control=random seed=0 frac=0.1363 nll_target=1.084826722741127 acc_target=None elapsed=845.4s
[sweep] step=136/498 control=random seed=1 frac=0.1363 nll_target=1.1620400063693523 acc_target=None elapsed=846.4s
[sweep] step=136/498 control=random seed=2 frac=0.1363 nll_target=1.029950089752674 acc_target=None elapsed=847.4s
[sweep] step=137/498 control=low seed=None frac=0.1373 nll_target=0.7634074557572603 acc_target=None elapsed=848.3s
[sweep] step=137/498 control=random seed=0 frac=0.1373 nll_target=1.0878764241933823 acc_target=None elapsed=849.3s
[sweep] step=137/498 control=random seed=1 frac=0.1373 nll_target=1.1680032722651958 acc_target=None elapsed=850.2s
[sweep] step=137/498 control=random seed=2 frac=0.1373 nll_target=1.0528070405125618 acc_target=None elapsed=851.2s
[sweep] step=138/498 control=low seed=None frac=0.1383 nll_target=0.7581761833280325 acc_target=None elapsed=852.2s
[sweep] step=138/498 control=random seed=0 frac=0.1383 nll_target=1.099708430469036 acc_target=None elapsed=853.2s
[sweep] step=138/498 control=random seed=1 frac=0.1383 nll_target=1.1664727441966534 acc_target=None elapsed=854.2s
[sweep] step=138/498 control=random seed=2 frac=0.1383 nll_target=1.0614601634442806 acc_target=None elapsed=855.1s
[sweep] step=139/498 control=low seed=None frac=0.1393 nll_target=0.7615766804665327 acc_target=None elapsed=856.1s
[sweep] step=139/498 control=random seed=0 frac=0.1393 nll_target=1.1093283258378506 acc_target=None elapsed=857.1s
[sweep] step=139/498 control=random seed=1 frac=0.1393 nll_target=1.1892669573426247 acc_target=None elapsed=858.1s
[sweep] step=139/498 control=random seed=2 frac=0.1393 nll_target=1.06861462444067 acc_target=None elapsed=859.0s
[sweep] step=140/498 control=low seed=None frac=0.1403 nll_target=0.7537508010864258 acc_target=None elapsed=860.0s
[sweep] step=140/498 control=random seed=0 frac=0.1403 nll_target=1.1054577566683292 acc_target=None elapsed=861.0s
[sweep] step=140/498 control=random seed=1 frac=0.1403 nll_target=1.184221550822258 acc_target=None elapsed=861.9s
[sweep] step=140/498 control=random seed=2 frac=0.1403 nll_target=1.0750221721827984 acc_target=None elapsed=862.9s
[sweep] step=141/498 control=low seed=None frac=0.1413 nll_target=0.7522665001451969 acc_target=None elapsed=863.9s
[sweep] step=141/498 control=random seed=0 frac=0.1413 nll_target=1.0995644927024841 acc_target=None elapsed=864.8s
[sweep] step=141/498 control=random seed=1 frac=0.1413 nll_target=1.174750491976738 acc_target=None elapsed=865.8s
[sweep] step=141/498 control=random seed=2 frac=0.1413 nll_target=1.0706129781901836 acc_target=None elapsed=866.8s
[sweep] step=142/498 control=low seed=None frac=0.1423 nll_target=0.7554057892411947 acc_target=None elapsed=867.7s
[sweep] step=142/498 control=random seed=0 frac=0.1423 nll_target=1.0960187502205372 acc_target=None elapsed=868.7s
[sweep] step=142/498 control=random seed=1 frac=0.1423 nll_target=1.1814831122756004 acc_target=None elapsed=869.7s
[sweep] step=142/498 control=random seed=2 frac=0.1423 nll_target=1.0697387121617794 acc_target=None elapsed=870.7s
[sweep] step=143/498 control=low seed=None frac=0.1433 nll_target=0.7656660471111536 acc_target=None elapsed=871.7s
[sweep] step=143/498 control=random seed=0 frac=0.1433 nll_target=1.090092457830906 acc_target=None elapsed=872.7s
[sweep] step=143/498 control=random seed=1 frac=0.1433 nll_target=1.17710318043828 acc_target=None elapsed=873.6s
[sweep] step=143/498 control=random seed=2 frac=0.1433 nll_target=1.0673682279884815 acc_target=None elapsed=874.6s
[sweep] step=144/498 control=low seed=None frac=0.1443 nll_target=0.7661340329796076 acc_target=None elapsed=875.5s
[sweep] step=144/498 control=random seed=0 frac=0.1443 nll_target=1.1027428209781647 acc_target=None elapsed=876.5s
[sweep] step=144/498 control=random seed=1 frac=0.1443 nll_target=1.1766559928655624 acc_target=None elapsed=877.5s
[sweep] step=144/498 control=random seed=2 frac=0.1443 nll_target=1.070881213992834 acc_target=None elapsed=878.5s
[sweep] step=145/498 control=low seed=None frac=0.1453 nll_target=0.7700164560228586 acc_target=None elapsed=879.5s
[sweep] step=145/498 control=random seed=0 frac=0.1453 nll_target=1.1093753762543201 acc_target=None elapsed=880.5s
[sweep] step=145/498 control=random seed=1 frac=0.1453 nll_target=1.1768545769155025 acc_target=None elapsed=881.4s
[sweep] step=145/498 control=random seed=2 frac=0.1453 nll_target=1.057417381554842 acc_target=None elapsed=882.4s
[sweep] step=146/498 control=low seed=None frac=0.1463 nll_target=0.7633617911487818 acc_target=None elapsed=883.4s
[sweep] step=146/498 control=random seed=0 frac=0.1463 nll_target=1.1150819100439548 acc_target=None elapsed=884.3s
[sweep] step=146/498 control=random seed=1 frac=0.1463 nll_target=1.1877087354660034 acc_target=None elapsed=885.3s
[sweep] step=146/498 control=random seed=2 frac=0.1463 nll_target=1.0598894990980625 acc_target=None elapsed=886.3s
[sweep] step=147/498 control=low seed=None frac=0.1473 nll_target=0.7592414636164904 acc_target=None elapsed=887.2s
[sweep] step=147/498 control=random seed=0 frac=0.1473 nll_target=1.1264061480760574 acc_target=None elapsed=888.2s
[sweep] step=147/498 control=random seed=1 frac=0.1473 nll_target=1.2111147344112396 acc_target=None elapsed=889.2s
[sweep] step=147/498 control=random seed=2 frac=0.1473 nll_target=1.0701619051396847 acc_target=None elapsed=890.1s
[sweep] step=148/498 control=low seed=None frac=0.1483 nll_target=0.7683590352535248 acc_target=None elapsed=891.1s
[sweep] step=148/498 control=random seed=0 frac=0.1483 nll_target=1.1238150149583817 acc_target=None elapsed=892.1s
[sweep] step=148/498 control=random seed=1 frac=0.1483 nll_target=1.227023757994175 acc_target=None elapsed=893.0s
[sweep] step=148/498 control=random seed=2 frac=0.1483 nll_target=1.0819829888641834 acc_target=None elapsed=894.0s
[sweep] step=149/498 control=low seed=None frac=0.1493 nll_target=0.7674017734825611 acc_target=None elapsed=895.0s
[sweep] step=149/498 control=random seed=0 frac=0.1493 nll_target=1.1254007555544376 acc_target=None elapsed=895.9s
[sweep] step=149/498 control=random seed=1 frac=0.1493 nll_target=1.2231752574443817 acc_target=None elapsed=896.9s
[sweep] step=149/498 control=random seed=2 frac=0.1493 nll_target=1.0905021354556084 acc_target=None elapsed=897.8s
[sweep] step=150/498 control=low seed=None frac=0.1503 nll_target=0.7614865098148584 acc_target=0.5625 elapsed=922.0s
[sweep] step=150/498 control=random seed=0 frac=0.1503 nll_target=1.1255839206278324 acc_target=0.25 elapsed=936.2s
[sweep] step=150/498 control=random seed=1 frac=0.1503 nll_target=1.2487615011632442 acc_target=0.0625 elapsed=1018.9s
[sweep] step=150/498 control=random seed=2 frac=0.1503 nll_target=1.0866087898612022 acc_target=0.125 elapsed=1068.8s
[sweep] step=151/498 control=low seed=None frac=0.1513 nll_target=0.7638409119099379 acc_target=None elapsed=1069.8s
[sweep] step=151/498 control=random seed=0 frac=0.1513 nll_target=1.1396080255508423 acc_target=None elapsed=1070.7s
[sweep] step=151/498 control=random seed=1 frac=0.1513 nll_target=1.268523596227169 acc_target=None elapsed=1071.7s
[sweep] step=151/498 control=random seed=2 frac=0.1513 nll_target=1.089582670480013 acc_target=None elapsed=1072.7s
[sweep] step=152/498 control=low seed=None frac=0.1523 nll_target=0.7625852357596159 acc_target=None elapsed=1073.6s
[sweep] step=152/498 control=random seed=0 frac=0.1523 nll_target=1.1451785080134869 acc_target=None elapsed=1074.6s
[sweep] step=152/498 control=random seed=1 frac=0.1523 nll_target=1.2798826843500137 acc_target=None elapsed=1075.6s
[sweep] step=152/498 control=random seed=2 frac=0.1523 nll_target=1.0991508327424526 acc_target=None elapsed=1076.6s
[sweep] step=153/498 control=low seed=None frac=0.1533 nll_target=0.7625089082866907 acc_target=None elapsed=1077.6s
[sweep] step=153/498 control=random seed=0 frac=0.1533 nll_target=1.1395388841629028 acc_target=None elapsed=1078.5s
[sweep] step=153/498 control=random seed=1 frac=0.1533 nll_target=1.3105573579668999 acc_target=None elapsed=1079.5s
[sweep] step=153/498 control=random seed=2 frac=0.1533 nll_target=1.119572926312685 acc_target=None elapsed=1080.5s
[sweep] step=154/498 control=low seed=None frac=0.1543 nll_target=0.7615423668175936 acc_target=None elapsed=1081.5s
[sweep] step=154/498 control=random seed=0 frac=0.1543 nll_target=1.1499816365540028 acc_target=None elapsed=1082.5s
[sweep] step=154/498 control=random seed=1 frac=0.1543 nll_target=1.3125491216778755 acc_target=None elapsed=1083.5s
[sweep] step=154/498 control=random seed=2 frac=0.1543 nll_target=1.1282348111271858 acc_target=None elapsed=1084.5s
[sweep] step=155/498 control=low seed=None frac=0.1554 nll_target=0.7630651313811541 acc_target=None elapsed=1085.5s
[sweep] step=155/498 control=random seed=0 frac=0.1554 nll_target=1.1455273404717445 acc_target=None elapsed=1086.5s
[sweep] step=155/498 control=random seed=1 frac=0.1554 nll_target=1.3146927915513515 acc_target=None elapsed=1087.4s
[sweep] step=155/498 control=random seed=2 frac=0.1554 nll_target=1.127764206379652 acc_target=None elapsed=1088.4s
[sweep] step=156/498 control=low seed=None frac=0.1564 nll_target=0.7608398944139481 acc_target=None elapsed=1089.4s
[sweep] step=156/498 control=random seed=0 frac=0.1564 nll_target=1.182118009775877 acc_target=None elapsed=1090.4s
[sweep] step=156/498 control=random seed=1 frac=0.1564 nll_target=1.3100130781531334 acc_target=None elapsed=1091.4s
[sweep] step=156/498 control=random seed=2 frac=0.1564 nll_target=1.118600931018591 acc_target=None elapsed=1092.4s
[sweep] step=157/498 control=low seed=None frac=0.1574 nll_target=0.7650993335992098 acc_target=None elapsed=1093.4s
[sweep] step=157/498 control=random seed=0 frac=0.1574 nll_target=1.187551248818636 acc_target=None elapsed=1094.4s
[sweep] step=157/498 control=random seed=1 frac=0.1574 nll_target=1.354250155389309 acc_target=None elapsed=1095.4s
[sweep] step=157/498 control=random seed=2 frac=0.1574 nll_target=1.1252646706998348 acc_target=None elapsed=1096.3s
[sweep] step=158/498 control=low seed=None frac=0.1584 nll_target=0.7636053841561079 acc_target=None elapsed=1097.3s
[sweep] step=158/498 control=random seed=0 frac=0.1584 nll_target=1.189413420855999 acc_target=None elapsed=1098.3s
[sweep] step=158/498 control=random seed=1 frac=0.1584 nll_target=1.3692363239824772 acc_target=None elapsed=1099.3s
[sweep] step=158/498 control=random seed=2 frac=0.1584 nll_target=1.125237986445427 acc_target=None elapsed=1100.3s
[sweep] step=159/498 control=low seed=None frac=0.1594 nll_target=0.7724954355508089 acc_target=None elapsed=1101.2s
[sweep] step=159/498 control=random seed=0 frac=0.1594 nll_target=1.186498962342739 acc_target=None elapsed=1102.2s
[sweep] step=159/498 control=random seed=1 frac=0.1594 nll_target=1.3833011351525784 acc_target=None elapsed=1103.2s
[sweep] step=159/498 control=random seed=2 frac=0.1594 nll_target=1.1367666758596897 acc_target=None elapsed=1104.2s
[sweep] step=160/498 control=low seed=None frac=0.1604 nll_target=0.7687164451926947 acc_target=None elapsed=1105.1s
[sweep] step=160/498 control=random seed=0 frac=0.1604 nll_target=1.1864376924932003 acc_target=None elapsed=1106.1s
[sweep] step=160/498 control=random seed=1 frac=0.1604 nll_target=1.3877664469182491 acc_target=None elapsed=1107.1s
[sweep] step=160/498 control=random seed=2 frac=0.1604 nll_target=1.16391896083951 acc_target=None elapsed=1108.0s
[sweep] step=161/498 control=low seed=None frac=0.1614 nll_target=0.7655345182865858 acc_target=None elapsed=1109.0s
[sweep] step=161/498 control=random seed=0 frac=0.1614 nll_target=1.1989399753510952 acc_target=None elapsed=1110.0s
[sweep] step=161/498 control=random seed=1 frac=0.1614 nll_target=1.3859550952911377 acc_target=None elapsed=1111.0s
[sweep] step=161/498 control=random seed=2 frac=0.1614 nll_target=1.1814273484051228 acc_target=None elapsed=1111.9s
[sweep] step=162/498 control=low seed=None frac=0.1624 nll_target=0.7704218570142984 acc_target=None elapsed=1112.9s
[sweep] step=162/498 control=random seed=0 frac=0.1624 nll_target=1.2062413655221462 acc_target=None elapsed=1113.9s
[sweep] step=162/498 control=random seed=1 frac=0.1624 nll_target=1.3866859450936317 acc_target=None elapsed=1114.8s
[sweep] step=162/498 control=random seed=2 frac=0.1624 nll_target=1.1864550337195396 acc_target=None elapsed=1115.8s
[sweep] step=163/498 control=low seed=None frac=0.1634 nll_target=0.7728832829743624 acc_target=None elapsed=1116.8s
[sweep] step=163/498 control=random seed=0 frac=0.1634 nll_target=1.2051931321620941 acc_target=None elapsed=1117.7s
[sweep] step=163/498 control=random seed=1 frac=0.1634 nll_target=1.402599025517702 acc_target=None elapsed=1118.7s
[sweep] step=163/498 control=random seed=2 frac=0.1634 nll_target=1.1797840669751167 acc_target=None elapsed=1119.7s
[sweep] step=164/498 control=low seed=None frac=0.1644 nll_target=0.7800328619778156 acc_target=None elapsed=1120.7s
[sweep] step=164/498 control=random seed=0 frac=0.1644 nll_target=1.2060180753469467 acc_target=None elapsed=1121.6s
[sweep] step=164/498 control=random seed=1 frac=0.1644 nll_target=1.4030630178749561 acc_target=None elapsed=1122.6s
[sweep] step=164/498 control=random seed=2 frac=0.1644 nll_target=1.1763902343809605 acc_target=None elapsed=1123.5s
[sweep] step=165/498 control=low seed=None frac=0.1654 nll_target=0.7840345688164234 acc_target=None elapsed=1124.5s
[sweep] step=165/498 control=random seed=0 frac=0.1654 nll_target=1.19775752723217 acc_target=None elapsed=1125.5s
[sweep] step=165/498 control=random seed=1 frac=0.1654 nll_target=1.4197256974875927 acc_target=None elapsed=1126.4s
[sweep] step=165/498 control=random seed=2 frac=0.1654 nll_target=1.1826104931533337 acc_target=None elapsed=1127.4s
[sweep] step=166/498 control=low seed=None frac=0.1664 nll_target=0.7759022451937199 acc_target=None elapsed=1128.3s
[sweep] step=166/498 control=random seed=0 frac=0.1664 nll_target=1.2168185636401176 acc_target=None elapsed=1129.3s
[sweep] step=166/498 control=random seed=1 frac=0.1664 nll_target=1.4358509741723537 acc_target=None elapsed=1130.3s
[sweep] step=166/498 control=random seed=2 frac=0.1664 nll_target=1.1749886013567448 acc_target=None elapsed=1131.2s
[sweep] step=167/498 control=low seed=None frac=0.1674 nll_target=0.7816699612885714 acc_target=None elapsed=1132.2s
[sweep] step=167/498 control=random seed=0 frac=0.1674 nll_target=1.2243789471685886 acc_target=None elapsed=1133.2s
[sweep] step=167/498 control=random seed=1 frac=0.1674 nll_target=1.435091596096754 acc_target=None elapsed=1134.1s
[sweep] step=167/498 control=random seed=2 frac=0.1674 nll_target=1.1815587505698204 acc_target=None elapsed=1135.1s
[sweep] step=168/498 control=low seed=None frac=0.1684 nll_target=0.7808440271764994 acc_target=None elapsed=1136.0s
[sweep] step=168/498 control=random seed=0 frac=0.1684 nll_target=1.2322191707789898 acc_target=None elapsed=1137.0s
[sweep] step=168/498 control=random seed=1 frac=0.1684 nll_target=1.451323013752699 acc_target=None elapsed=1138.0s
[sweep] step=168/498 control=random seed=2 frac=0.1684 nll_target=1.1768478378653526 acc_target=None elapsed=1139.0s
[sweep] step=169/498 control=low seed=None frac=0.1694 nll_target=0.7836283892393112 acc_target=None elapsed=1140.0s
[sweep] step=169/498 control=random seed=0 frac=0.1694 nll_target=1.238679476082325 acc_target=None elapsed=1141.0s
[sweep] step=169/498 control=random seed=1 frac=0.1694 nll_target=1.462451335042715 acc_target=None elapsed=1142.0s
[sweep] step=169/498 control=random seed=2 frac=0.1694 nll_target=1.1921829134225845 acc_target=None elapsed=1142.9s
[sweep] step=170/498 control=low seed=None frac=0.1704 nll_target=0.7876638304442167 acc_target=None elapsed=1143.9s
[sweep] step=170/498 control=random seed=0 frac=0.1704 nll_target=1.2458185069262981 acc_target=None elapsed=1144.8s
[sweep] step=170/498 control=random seed=1 frac=0.1704 nll_target=1.4945184029638767 acc_target=None elapsed=1145.8s
[sweep] step=170/498 control=random seed=2 frac=0.1704 nll_target=1.2047735452651978 acc_target=None elapsed=1146.8s
[sweep] step=171/498 control=low seed=None frac=0.1714 nll_target=0.7834942266345024 acc_target=None elapsed=1147.8s
[sweep] step=171/498 control=random seed=0 frac=0.1714 nll_target=1.2461142018437386 acc_target=None elapsed=1148.7s
[sweep] step=171/498 control=random seed=1 frac=0.1714 nll_target=1.5016450248658657 acc_target=None elapsed=1149.7s
[sweep] step=171/498 control=random seed=2 frac=0.1714 nll_target=1.220482099801302 acc_target=None elapsed=1150.6s
[sweep] step=172/498 control=low seed=None frac=0.1724 nll_target=0.7856483310461044 acc_target=None elapsed=1151.6s
[sweep] step=172/498 control=random seed=0 frac=0.1724 nll_target=1.2425449341535568 acc_target=None elapsed=1152.6s
[sweep] step=172/498 control=random seed=1 frac=0.1724 nll_target=1.4894877821207047 acc_target=None elapsed=1153.5s
[sweep] step=172/498 control=random seed=2 frac=0.1724 nll_target=1.2337942011654377 acc_target=None elapsed=1154.5s
[sweep] step=173/498 control=low seed=None frac=0.1734 nll_target=0.7887687645852566 acc_target=None elapsed=1155.5s
[sweep] step=173/498 control=random seed=0 frac=0.1734 nll_target=1.2745228186249733 acc_target=None elapsed=1156.5s
[sweep] step=173/498 control=random seed=1 frac=0.1734 nll_target=1.4910431243479252 acc_target=None elapsed=1157.5s
[sweep] step=173/498 control=random seed=2 frac=0.1734 nll_target=1.2160467505455017 acc_target=None elapsed=1158.4s
[sweep] step=174/498 control=low seed=None frac=0.1744 nll_target=0.796588234603405 acc_target=None elapsed=1159.4s
[sweep] step=174/498 control=random seed=0 frac=0.1744 nll_target=1.2837058417499065 acc_target=None elapsed=1160.4s
[sweep] step=174/498 control=random seed=1 frac=0.1744 nll_target=1.5009435079991817 acc_target=None elapsed=1161.3s
[sweep] step=174/498 control=random seed=2 frac=0.1744 nll_target=1.2380928844213486 acc_target=None elapsed=1162.3s
[sweep] step=175/498 control=low seed=None frac=0.1754 nll_target=0.7973882239311934 acc_target=None elapsed=1163.3s
[sweep] step=175/498 control=random seed=0 frac=0.1754 nll_target=1.278923474252224 acc_target=None elapsed=1164.3s
[sweep] step=175/498 control=random seed=1 frac=0.1754 nll_target=1.5165010020136833 acc_target=None elapsed=1165.2s
[sweep] step=175/498 control=random seed=2 frac=0.1754 nll_target=1.2422375939786434 acc_target=None elapsed=1166.2s
[sweep] step=176/498 control=low seed=None frac=0.1764 nll_target=0.8004907798022032 acc_target=None elapsed=1167.2s
[sweep] step=176/498 control=random seed=0 frac=0.1764 nll_target=1.28526084497571 acc_target=None elapsed=1168.1s
[sweep] step=176/498 control=random seed=1 frac=0.1764 nll_target=1.5244665145874023 acc_target=None elapsed=1169.1s
[sweep] step=176/498 control=random seed=2 frac=0.1764 nll_target=1.2504667043685913 acc_target=None elapsed=1170.1s
[sweep] step=177/498 control=low seed=None frac=0.1774 nll_target=0.8028433863073587 acc_target=None elapsed=1171.0s
[sweep] step=177/498 control=random seed=0 frac=0.1774 nll_target=1.2884671948850155 acc_target=None elapsed=1172.0s
[sweep] step=177/498 control=random seed=1 frac=0.1774 nll_target=1.5541828274726868 acc_target=None elapsed=1173.0s
[sweep] step=177/498 control=random seed=2 frac=0.1774 nll_target=1.2549583688378334 acc_target=None elapsed=1173.9s
[sweep] step=178/498 control=low seed=None frac=0.1784 nll_target=0.8063758425414562 acc_target=None elapsed=1174.9s
[sweep] step=178/498 control=random seed=0 frac=0.1784 nll_target=1.3056954555213451 acc_target=None elapsed=1175.8s
[sweep] step=178/498 control=random seed=1 frac=0.1784 nll_target=1.5636064447462559 acc_target=None elapsed=1176.8s
[sweep] step=178/498 control=random seed=2 frac=0.1784 nll_target=1.2554677538573742 acc_target=None elapsed=1177.8s
[sweep] step=179/498 control=low seed=None frac=0.1794 nll_target=0.8017862681299448 acc_target=None elapsed=1178.7s
[sweep] step=179/498 control=random seed=0 frac=0.1794 nll_target=1.3014907129108906 acc_target=None elapsed=1179.7s
[sweep] step=179/498 control=random seed=1 frac=0.1794 nll_target=1.5569987818598747 acc_target=None elapsed=1180.6s
[sweep] step=179/498 control=random seed=2 frac=0.1794 nll_target=1.2783512063324451 acc_target=None elapsed=1181.6s
[sweep] step=180/498 control=low seed=None frac=0.1804 nll_target=0.8006867654621601 acc_target=None elapsed=1182.5s
[sweep] step=180/498 control=random seed=0 frac=0.1804 nll_target=1.298750825226307 acc_target=None elapsed=1183.5s
[sweep] step=180/498 control=random seed=1 frac=0.1804 nll_target=1.537683166563511 acc_target=None elapsed=1184.5s
[sweep] step=180/498 control=random seed=2 frac=0.1804 nll_target=1.274059470742941 acc_target=None elapsed=1185.5s
[sweep] step=181/498 control=low seed=None frac=0.1814 nll_target=0.7972688730806112 acc_target=None elapsed=1186.4s
[sweep] step=181/498 control=random seed=0 frac=0.1814 nll_target=1.2998386025428772 acc_target=None elapsed=1187.4s
[sweep] step=181/498 control=random seed=1 frac=0.1814 nll_target=1.5340729355812073 acc_target=None elapsed=1188.4s
[sweep] step=181/498 control=random seed=2 frac=0.1814 nll_target=1.268708050251007 acc_target=None elapsed=1189.3s
[sweep] step=182/498 control=low seed=None frac=0.1824 nll_target=0.8008196279406548 acc_target=None elapsed=1190.3s
[sweep] step=182/498 control=random seed=0 frac=0.1824 nll_target=1.3103462383151054 acc_target=None elapsed=1191.3s
[sweep] step=182/498 control=random seed=1 frac=0.1824 nll_target=1.5574787855148315 acc_target=None elapsed=1192.2s
[sweep] step=182/498 control=random seed=2 frac=0.1824 nll_target=1.285191934555769 acc_target=None elapsed=1193.2s
[sweep] step=183/498 control=low seed=None frac=0.1834 nll_target=0.7965001426637173 acc_target=None elapsed=1194.2s
[sweep] step=183/498 control=random seed=0 frac=0.1834 nll_target=1.311347208917141 acc_target=None elapsed=1195.1s
[sweep] step=183/498 control=random seed=1 frac=0.1834 nll_target=1.5576303377747536 acc_target=None elapsed=1196.1s
[sweep] step=183/498 control=random seed=2 frac=0.1834 nll_target=1.3039873205125332 acc_target=None elapsed=1197.0s
[sweep] step=184/498 control=low seed=None frac=0.1844 nll_target=0.785103177651763 acc_target=None elapsed=1198.0s
[sweep] step=184/498 control=random seed=0 frac=0.1844 nll_target=1.3139496631920338 acc_target=None elapsed=1198.9s
[sweep] step=184/498 control=random seed=1 frac=0.1844 nll_target=1.5630751475691795 acc_target=None elapsed=1199.9s
[sweep] step=184/498 control=random seed=2 frac=0.1844 nll_target=1.2966794893145561 acc_target=None elapsed=1200.9s
[sweep] step=185/498 control=low seed=None frac=0.1854 nll_target=0.7912882138043642 acc_target=None elapsed=1201.8s
[sweep] step=185/498 control=random seed=0 frac=0.1854 nll_target=1.3208277150988579 acc_target=None elapsed=1202.8s
[sweep] step=185/498 control=random seed=1 frac=0.1854 nll_target=1.545923076570034 acc_target=None elapsed=1203.7s
[sweep] step=185/498 control=random seed=2 frac=0.1854 nll_target=1.307785052806139 acc_target=None elapsed=1204.7s
[sweep] step=186/498 control=low seed=None frac=0.1864 nll_target=0.8040409907698631 acc_target=None elapsed=1205.6s
[sweep] step=186/498 control=random seed=0 frac=0.1864 nll_target=1.3025128729641438 acc_target=None elapsed=1206.6s
[sweep] step=186/498 control=random seed=1 frac=0.1864 nll_target=1.5459898859262466 acc_target=None elapsed=1207.5s
[sweep] step=186/498 control=random seed=2 frac=0.1864 nll_target=1.3250324241816998 acc_target=None elapsed=1208.5s
[sweep] step=187/498 control=low seed=None frac=0.1874 nll_target=0.7970254439860582 acc_target=None elapsed=1209.4s
[sweep] step=187/498 control=random seed=0 frac=0.1874 nll_target=1.3168465718626976 acc_target=None elapsed=1210.4s
[sweep] step=187/498 control=random seed=1 frac=0.1874 nll_target=1.563488431274891 acc_target=None elapsed=1211.4s
[sweep] step=187/498 control=random seed=2 frac=0.1874 nll_target=1.3221627585589886 acc_target=None elapsed=1212.3s
[sweep] step=188/498 control=low seed=None frac=0.1884 nll_target=0.8012039307504892 acc_target=None elapsed=1213.3s
[sweep] step=188/498 control=random seed=0 frac=0.1884 nll_target=1.318116955459118 acc_target=None elapsed=1214.2s
[sweep] step=188/498 control=random seed=1 frac=0.1884 nll_target=1.5691543072462082 acc_target=None elapsed=1215.2s
[sweep] step=188/498 control=random seed=2 frac=0.1884 nll_target=1.3283662162721157 acc_target=None elapsed=1216.1s
[sweep] step=189/498 control=low seed=None frac=0.1894 nll_target=0.8100765384733677 acc_target=None elapsed=1217.1s
[sweep] step=189/498 control=random seed=0 frac=0.1894 nll_target=1.337382048368454 acc_target=None elapsed=1218.1s
[sweep] step=189/498 control=random seed=1 frac=0.1894 nll_target=1.571531381458044 acc_target=None elapsed=1219.0s
[sweep] step=189/498 control=random seed=2 frac=0.1894 nll_target=1.3364897221326828 acc_target=None elapsed=1220.0s
[sweep] step=190/498 control=low seed=None frac=0.1904 nll_target=0.8102351538836956 acc_target=None elapsed=1221.0s
[sweep] step=190/498 control=random seed=0 frac=0.1904 nll_target=1.3302717097103596 acc_target=None elapsed=1221.9s
[sweep] step=190/498 control=random seed=1 frac=0.1904 nll_target=1.5723817646503448 acc_target=None elapsed=1222.9s
[sweep] step=190/498 control=random seed=2 frac=0.1904 nll_target=1.33925199508667 acc_target=None elapsed=1223.8s
[sweep] step=191/498 control=low seed=None frac=0.1914 nll_target=0.8109181020408869 acc_target=None elapsed=1224.8s
[sweep] step=191/498 control=random seed=0 frac=0.1914 nll_target=1.3501096069812775 acc_target=None elapsed=1225.7s
[sweep] step=191/498 control=random seed=1 frac=0.1914 nll_target=1.5937649682164192 acc_target=None elapsed=1226.7s
[sweep] step=191/498 control=random seed=2 frac=0.1914 nll_target=1.351538397371769 acc_target=None elapsed=1227.7s
[sweep] step=192/498 control=low seed=None frac=0.1924 nll_target=0.810542393475771 acc_target=None elapsed=1228.7s
[sweep] step=192/498 control=random seed=0 frac=0.1924 nll_target=1.3753492571413517 acc_target=None elapsed=1229.6s
[sweep] step=192/498 control=random seed=1 frac=0.1924 nll_target=1.5968363247811794 acc_target=None elapsed=1230.6s
[sweep] step=192/498 control=random seed=2 frac=0.1924 nll_target=1.3747814297676086 acc_target=None elapsed=1231.6s
[sweep] step=193/498 control=low seed=None frac=0.1934 nll_target=0.8045790866017342 acc_target=None elapsed=1232.5s
[sweep] step=193/498 control=random seed=0 frac=0.1934 nll_target=1.3852958977222443 acc_target=None elapsed=1233.5s
[sweep] step=193/498 control=random seed=1 frac=0.1934 nll_target=1.6032969169318676 acc_target=None elapsed=1234.4s
[sweep] step=193/498 control=random seed=2 frac=0.1934 nll_target=1.374576285481453 acc_target=None elapsed=1235.4s
[sweep] step=194/498 control=low seed=None frac=0.1944 nll_target=0.7964480724185705 acc_target=None elapsed=1236.4s
[sweep] step=194/498 control=random seed=0 frac=0.1944 nll_target=1.3993050456047058 acc_target=None elapsed=1237.3s
[sweep] step=194/498 control=random seed=1 frac=0.1944 nll_target=1.60655178129673 acc_target=None elapsed=1238.3s
[sweep] step=194/498 control=random seed=2 frac=0.1944 nll_target=1.3871747218072414 acc_target=None elapsed=1239.3s
[sweep] step=195/498 control=low seed=None frac=0.1954 nll_target=0.7971114441752434 acc_target=None elapsed=1240.2s
[sweep] step=195/498 control=random seed=0 frac=0.1954 nll_target=1.4047834128141403 acc_target=None elapsed=1241.2s
[sweep] step=195/498 control=random seed=1 frac=0.1954 nll_target=1.6254690289497375 acc_target=None elapsed=1242.2s
[sweep] step=195/498 control=random seed=2 frac=0.1954 nll_target=1.4105087406933308 acc_target=None elapsed=1243.1s
[sweep] step=196/498 control=low seed=None frac=0.1964 nll_target=0.7947502229362726 acc_target=None elapsed=1244.1s
[sweep] step=196/498 control=random seed=0 frac=0.1964 nll_target=1.4067401103675365 acc_target=None elapsed=1245.1s
[sweep] step=196/498 control=random seed=1 frac=0.1964 nll_target=1.6148747131228447 acc_target=None elapsed=1246.0s
[sweep] step=196/498 control=random seed=2 frac=0.1964 nll_target=1.4344097785651684 acc_target=None elapsed=1247.0s
[sweep] step=197/498 control=low seed=None frac=0.1974 nll_target=0.7946260683238506 acc_target=None elapsed=1247.9s
[sweep] step=197/498 control=random seed=0 frac=0.1974 nll_target=1.406364157795906 acc_target=None elapsed=1248.9s
[sweep] step=197/498 control=random seed=1 frac=0.1974 nll_target=1.6242909952998161 acc_target=None elapsed=1249.8s
[sweep] step=197/498 control=random seed=2 frac=0.1974 nll_target=1.4462476931512356 acc_target=None elapsed=1250.8s
[sweep] step=198/498 control=low seed=None frac=0.1984 nll_target=0.7969950865954161 acc_target=None elapsed=1251.7s
[sweep] step=198/498 control=random seed=0 frac=0.1984 nll_target=1.4182604141533375 acc_target=None elapsed=1252.7s
[sweep] step=198/498 control=random seed=1 frac=0.1984 nll_target=1.6771251857280731 acc_target=None elapsed=1253.7s
[sweep] step=198/498 control=random seed=2 frac=0.1984 nll_target=1.4608378633856773 acc_target=None elapsed=1254.6s
[sweep] step=199/498 control=low seed=None frac=0.1995 nll_target=0.7972909193485975 acc_target=None elapsed=1255.6s
[sweep] step=199/498 control=random seed=0 frac=0.1995 nll_target=1.4194599092006683 acc_target=None elapsed=1256.5s
[sweep] step=199/498 control=random seed=1 frac=0.1995 nll_target=1.690223827958107 acc_target=None elapsed=1257.5s
[sweep] step=199/498 control=random seed=2 frac=0.1995 nll_target=1.4671267867088318 acc_target=None elapsed=1258.4s
[sweep] step=200/498 control=low seed=None frac=0.2005 nll_target=0.8002599403262138 acc_target=0.4375 elapsed=1275.8s
[sweep] step=200/498 control=random seed=0 frac=0.2005 nll_target=1.3989345505833626 acc_target=0.0625 elapsed=1331.1s
[sweep] step=200/498 control=random seed=1 frac=0.2005 nll_target=1.698306605219841 acc_target=0.0 elapsed=1358.1s
[sweep] step=200/498 control=random seed=2 frac=0.2005 nll_target=1.4763587154448032 acc_target=0.0625 elapsed=1428.4s
[sweep] step=201/498 control=low seed=None frac=0.2015 nll_target=0.7907790783792734 acc_target=None elapsed=1429.3s
[sweep] step=201/498 control=random seed=0 frac=0.2015 nll_target=1.4000565521419048 acc_target=None elapsed=1430.3s
[sweep] step=201/498 control=random seed=1 frac=0.2015 nll_target=1.6975664049386978 acc_target=None elapsed=1431.3s
[sweep] step=201/498 control=random seed=2 frac=0.2015 nll_target=1.4806728065013885 acc_target=None elapsed=1432.2s
[sweep] step=202/498 control=low seed=None frac=0.2025 nll_target=0.7909202575683594 acc_target=None elapsed=1433.2s
[sweep] step=202/498 control=random seed=0 frac=0.2025 nll_target=1.4116822555661201 acc_target=None elapsed=1434.1s
[sweep] step=202/498 control=random seed=1 frac=0.2025 nll_target=1.7291717156767845 acc_target=None elapsed=1435.1s
[sweep] step=202/498 control=random seed=2 frac=0.2025 nll_target=1.4731524959206581 acc_target=None elapsed=1436.0s
[sweep] step=203/498 control=low seed=None frac=0.2035 nll_target=0.7872641887515783 acc_target=None elapsed=1437.0s
[sweep] step=203/498 control=random seed=0 frac=0.2035 nll_target=1.4187088571488857 acc_target=None elapsed=1437.9s
[sweep] step=203/498 control=random seed=1 frac=0.2035 nll_target=1.7502239421010017 acc_target=None elapsed=1438.9s
[sweep] step=203/498 control=random seed=2 frac=0.2035 nll_target=1.4856811501085758 acc_target=None elapsed=1439.9s
[sweep] step=204/498 control=low seed=None frac=0.2045 nll_target=0.788737989962101 acc_target=None elapsed=1440.9s
[sweep] step=204/498 control=random seed=0 frac=0.2045 nll_target=1.4043656550347805 acc_target=None elapsed=1441.8s
[sweep] step=204/498 control=random seed=1 frac=0.2045 nll_target=1.7360118255019188 acc_target=None elapsed=1442.8s
[sweep] step=204/498 control=random seed=2 frac=0.2045 nll_target=1.4834258295595646 acc_target=None elapsed=1443.8s
[sweep] step=205/498 control=low seed=None frac=0.2055 nll_target=0.7883916106075048 acc_target=None elapsed=1444.7s
[sweep] step=205/498 control=random seed=0 frac=0.2055 nll_target=1.3977365642786026 acc_target=None elapsed=1445.7s
[sweep] step=205/498 control=random seed=1 frac=0.2055 nll_target=1.7765051946043968 acc_target=None elapsed=1446.7s
[sweep] step=205/498 control=random seed=2 frac=0.2055 nll_target=1.4775023460388184 acc_target=None elapsed=1447.6s
[sweep] step=206/498 control=low seed=None frac=0.2065 nll_target=0.7807674761861563 acc_target=None elapsed=1448.6s
[sweep] step=206/498 control=random seed=0 frac=0.2065 nll_target=1.4005545265972614 acc_target=None elapsed=1449.6s
[sweep] step=206/498 control=random seed=1 frac=0.2065 nll_target=1.775811806321144 acc_target=None elapsed=1450.5s
[sweep] step=206/498 control=random seed=2 frac=0.2065 nll_target=1.4723776578903198 acc_target=None elapsed=1451.5s
[sweep] step=207/498 control=low seed=None frac=0.2075 nll_target=0.7799394056200981 acc_target=None elapsed=1452.5s
[sweep] step=207/498 control=random seed=0 frac=0.2075 nll_target=1.4049675837159157 acc_target=None elapsed=1453.5s
[sweep] step=207/498 control=random seed=1 frac=0.2075 nll_target=1.9719589203596115 acc_target=None elapsed=1454.4s
[sweep] step=207/498 control=random seed=2 frac=0.2075 nll_target=1.4801558963954449 acc_target=None elapsed=1455.4s
[sweep] step=208/498 control=low seed=None frac=0.2085 nll_target=0.7756199277937412 acc_target=None elapsed=1456.4s
[sweep] step=208/498 control=random seed=0 frac=0.2085 nll_target=1.4060966782271862 acc_target=None elapsed=1457.4s
[sweep] step=208/498 control=random seed=1 frac=0.2085 nll_target=1.9678883627057076 acc_target=None elapsed=1458.4s
[sweep] step=208/498 control=random seed=2 frac=0.2085 nll_target=1.4721836596727371 acc_target=None elapsed=1459.4s
[sweep] step=209/498 control=low seed=None frac=0.2095 nll_target=0.7728041056543589 acc_target=None elapsed=1460.3s
[sweep] step=209/498 control=random seed=0 frac=0.2095 nll_target=1.4146199263632298 acc_target=None elapsed=1461.3s
[sweep] step=209/498 control=random seed=1 frac=0.2095 nll_target=1.9844426959753036 acc_target=None elapsed=1462.3s
[sweep] step=209/498 control=random seed=2 frac=0.2095 nll_target=1.4856549240648746 acc_target=None elapsed=1463.2s
[sweep] step=210/498 control=low seed=None frac=0.2105 nll_target=0.7671940997242928 acc_target=None elapsed=1464.2s
[sweep] step=210/498 control=random seed=0 frac=0.2105 nll_target=1.4098523333668709 acc_target=None elapsed=1465.1s
[sweep] step=210/498 control=random seed=1 frac=0.2105 nll_target=1.9832986146211624 acc_target=None elapsed=1466.1s
[sweep] step=210/498 control=random seed=2 frac=0.2105 nll_target=1.4993069991469383 acc_target=None elapsed=1467.1s
[sweep] step=211/498 control=low seed=None frac=0.2115 nll_target=0.772530997171998 acc_target=None elapsed=1468.1s
[sweep] step=211/498 control=random seed=0 frac=0.2115 nll_target=1.4179002046585083 acc_target=None elapsed=1469.0s
[sweep] step=211/498 control=random seed=1 frac=0.2115 nll_target=2.0238508209586143 acc_target=None elapsed=1470.0s
[sweep] step=211/498 control=random seed=2 frac=0.2115 nll_target=1.5001864545047283 acc_target=None elapsed=1471.0s
[sweep] step=212/498 control=low seed=None frac=0.2125 nll_target=0.7700903508812189 acc_target=None elapsed=1471.9s
[sweep] step=212/498 control=random seed=0 frac=0.2125 nll_target=1.4352606199681759 acc_target=None elapsed=1472.9s
[sweep] step=212/498 control=random seed=1 frac=0.2125 nll_target=2.0257188379764557 acc_target=None elapsed=1473.8s
[sweep] step=212/498 control=random seed=2 frac=0.2125 nll_target=1.5007281862199306 acc_target=None elapsed=1474.8s
[sweep] step=213/498 control=low seed=None frac=0.2135 nll_target=0.7730751764029264 acc_target=None elapsed=1475.8s
[sweep] step=213/498 control=random seed=0 frac=0.2135 nll_target=1.4403612203896046 acc_target=None elapsed=1476.7s
[sweep] step=213/498 control=random seed=1 frac=0.2135 nll_target=2.0333396792411804 acc_target=None elapsed=1477.7s
[sweep] step=213/498 control=random seed=2 frac=0.2135 nll_target=1.5214431062340736 acc_target=None elapsed=1478.7s
[sweep] step=214/498 control=low seed=None frac=0.2145 nll_target=0.778595982119441 acc_target=None elapsed=1479.6s
[sweep] step=214/498 control=random seed=0 frac=0.2145 nll_target=1.4644321464002132 acc_target=None elapsed=1480.6s
[sweep] step=214/498 control=random seed=1 frac=0.2145 nll_target=2.034552551805973 acc_target=None elapsed=1481.5s
[sweep] step=214/498 control=random seed=2 frac=0.2145 nll_target=1.500271163880825 acc_target=None elapsed=1482.5s
[sweep] step=215/498 control=low seed=None frac=0.2155 nll_target=0.7763934172689915 acc_target=None elapsed=1483.4s
[sweep] step=215/498 control=random seed=0 frac=0.2155 nll_target=1.4799642786383629 acc_target=None elapsed=1484.4s
[sweep] step=215/498 control=random seed=1 frac=0.2155 nll_target=2.036590561270714 acc_target=None elapsed=1485.4s
[sweep] step=215/498 control=random seed=2 frac=0.2155 nll_target=1.5113241076469421 acc_target=None elapsed=1486.3s
[sweep] step=216/498 control=low seed=None frac=0.2165 nll_target=0.7779358997941017 acc_target=None elapsed=1487.3s
[sweep] step=216/498 control=random seed=0 frac=0.2165 nll_target=1.4968012012541294 acc_target=None elapsed=1488.3s
[sweep] step=216/498 control=random seed=1 frac=0.2165 nll_target=2.0565404295921326 acc_target=None elapsed=1489.2s
[sweep] step=216/498 control=random seed=2 frac=0.2165 nll_target=1.5127694606781006 acc_target=None elapsed=1490.2s
[sweep] step=217/498 control=low seed=None frac=0.2175 nll_target=0.7629736177623272 acc_target=None elapsed=1491.1s
[sweep] step=217/498 control=random seed=0 frac=0.2175 nll_target=1.5181805714964867 acc_target=None elapsed=1492.1s
[sweep] step=217/498 control=random seed=1 frac=0.2175 nll_target=2.075707048177719 acc_target=None elapsed=1493.1s
[sweep] step=217/498 control=random seed=2 frac=0.2175 nll_target=1.5381407290697098 acc_target=None elapsed=1494.0s
[sweep] step=218/498 control=low seed=None frac=0.2185 nll_target=0.7635955568403006 acc_target=None elapsed=1495.0s
[sweep] step=218/498 control=random seed=0 frac=0.2185 nll_target=1.5284514725208282 acc_target=None elapsed=1495.9s
[sweep] step=218/498 control=random seed=1 frac=0.2185 nll_target=2.06260135024786 acc_target=None elapsed=1496.9s
[sweep] step=218/498 control=random seed=2 frac=0.2185 nll_target=1.5369587615132332 acc_target=None elapsed=1497.9s
[sweep] step=219/498 control=low seed=None frac=0.2195 nll_target=0.7641203738749027 acc_target=None elapsed=1498.9s
[sweep] step=219/498 control=random seed=0 frac=0.2195 nll_target=1.5587773695588112 acc_target=None elapsed=1499.9s
[sweep] step=219/498 control=random seed=1 frac=0.2195 nll_target=2.085091084241867 acc_target=None elapsed=1500.9s
[sweep] step=219/498 control=random seed=2 frac=0.2195 nll_target=1.5383472368121147 acc_target=None elapsed=1501.9s
[sweep] step=220/498 control=low seed=None frac=0.2205 nll_target=0.7703477498143911 acc_target=None elapsed=1502.8s
[sweep] step=220/498 control=random seed=0 frac=0.2205 nll_target=1.5445079989731312 acc_target=None elapsed=1503.8s
[sweep] step=220/498 control=random seed=1 frac=0.2205 nll_target=2.0964148491621017 acc_target=None elapsed=1504.8s
[sweep] step=220/498 control=random seed=2 frac=0.2205 nll_target=1.5331160575151443 acc_target=None elapsed=1505.7s
[sweep] step=221/498 control=low seed=None frac=0.2215 nll_target=0.7683148849755526 acc_target=None elapsed=1506.7s
[sweep] step=221/498 control=random seed=0 frac=0.2215 nll_target=1.5734081789851189 acc_target=None elapsed=1507.6s
[sweep] step=221/498 control=random seed=1 frac=0.2215 nll_target=2.081132397055626 acc_target=None elapsed=1508.6s
[sweep] step=221/498 control=random seed=2 frac=0.2215 nll_target=1.5234364345669746 acc_target=None elapsed=1509.6s
[sweep] step=222/498 control=low seed=None frac=0.2225 nll_target=0.7635231073945761 acc_target=None elapsed=1510.5s
[sweep] step=222/498 control=random seed=0 frac=0.2225 nll_target=1.582372061908245 acc_target=None elapsed=1511.5s
[sweep] step=222/498 control=random seed=1 frac=0.2225 nll_target=2.0765843763947487 acc_target=None elapsed=1512.5s
[sweep] step=222/498 control=random seed=2 frac=0.2225 nll_target=1.5280261561274529 acc_target=None elapsed=1513.4s
[sweep] step=223/498 control=low seed=None frac=0.2235 nll_target=0.7646353747695684 acc_target=None elapsed=1514.6s
[sweep] step=223/498 control=random seed=0 frac=0.2235 nll_target=1.5988111197948456 acc_target=None elapsed=1515.6s
[sweep] step=223/498 control=random seed=1 frac=0.2235 nll_target=2.0755428224802017 acc_target=None elapsed=1516.6s
[sweep] step=223/498 control=random seed=2 frac=0.2235 nll_target=1.5901897475123405 acc_target=None elapsed=1517.6s
[sweep] step=224/498 control=low seed=None frac=0.2245 nll_target=0.7631346359848976 acc_target=None elapsed=1518.6s
[sweep] step=224/498 control=random seed=0 frac=0.2245 nll_target=1.6163427382707596 acc_target=None elapsed=1519.5s
[sweep] step=224/498 control=random seed=1 frac=0.2245 nll_target=2.0992234870791435 acc_target=None elapsed=1520.5s
[sweep] step=224/498 control=random seed=2 frac=0.2245 nll_target=1.5962970778346062 acc_target=None elapsed=1521.5s
[sweep] step=225/498 control=low seed=None frac=0.2255 nll_target=0.7624965384602547 acc_target=None elapsed=1522.5s
[sweep] step=225/498 control=random seed=0 frac=0.2255 nll_target=1.616430226713419 acc_target=None elapsed=1523.4s
[sweep] step=225/498 control=random seed=1 frac=0.2255 nll_target=2.087787948548794 acc_target=None elapsed=1524.4s
[sweep] step=225/498 control=random seed=2 frac=0.2255 nll_target=1.5984960794448853 acc_target=None elapsed=1525.4s
[sweep] step=226/498 control=low seed=None frac=0.2265 nll_target=0.7613825835287571 acc_target=None elapsed=1526.4s
[sweep] step=226/498 control=random seed=0 frac=0.2265 nll_target=1.6330076977610588 acc_target=None elapsed=1527.3s
[sweep] step=226/498 control=random seed=1 frac=0.2265 nll_target=2.1045836433768272 acc_target=None elapsed=1528.3s
[sweep] step=226/498 control=random seed=2 frac=0.2265 nll_target=1.6044468507170677 acc_target=None elapsed=1529.2s
[sweep] step=227/498 control=low seed=None frac=0.2275 nll_target=0.7636824119836092 acc_target=None elapsed=1530.2s
[sweep] step=227/498 control=random seed=0 frac=0.2275 nll_target=1.6239735037088394 acc_target=None elapsed=1531.2s
[sweep] step=227/498 control=random seed=1 frac=0.2275 nll_target=2.101948380470276 acc_target=None elapsed=1532.1s
[sweep] step=227/498 control=random seed=2 frac=0.2275 nll_target=1.6166926100850105 acc_target=None elapsed=1533.1s
[sweep] step=228/498 control=low seed=None frac=0.2285 nll_target=0.7638815939426422 acc_target=None elapsed=1534.1s
[sweep] step=228/498 control=random seed=0 frac=0.2285 nll_target=1.628235563635826 acc_target=None elapsed=1535.0s
[sweep] step=228/498 control=random seed=1 frac=0.2285 nll_target=2.0882266089320183 acc_target=None elapsed=1536.0s
[sweep] step=228/498 control=random seed=2 frac=0.2285 nll_target=1.605148322880268 acc_target=None elapsed=1537.0s
[sweep] step=229/498 control=low seed=None frac=0.2295 nll_target=0.7640804946422577 acc_target=None elapsed=1537.9s
[sweep] step=229/498 control=random seed=0 frac=0.2295 nll_target=1.6321435645222664 acc_target=None elapsed=1538.9s
[sweep] step=229/498 control=random seed=1 frac=0.2295 nll_target=2.098442479968071 acc_target=None elapsed=1539.9s
[sweep] step=229/498 control=random seed=2 frac=0.2295 nll_target=1.633673757314682 acc_target=None elapsed=1540.9s
[sweep] step=230/498 control=low seed=None frac=0.2305 nll_target=0.7616375833749771 acc_target=None elapsed=1541.8s
[sweep] step=230/498 control=random seed=0 frac=0.2305 nll_target=1.634926624596119 acc_target=None elapsed=1542.8s
[sweep] step=230/498 control=random seed=1 frac=0.2305 nll_target=2.0929016545414925 acc_target=None elapsed=1543.8s
[sweep] step=230/498 control=random seed=2 frac=0.2305 nll_target=1.6376283317804337 acc_target=None elapsed=1544.7s
[sweep] step=231/498 control=low seed=None frac=0.2315 nll_target=0.7718688677996397 acc_target=None elapsed=1545.7s
[sweep] step=231/498 control=random seed=0 frac=0.2315 nll_target=1.6326639875769615 acc_target=None elapsed=1546.7s
[sweep] step=231/498 control=random seed=1 frac=0.2315 nll_target=2.125696614384651 acc_target=None elapsed=1547.6s
[sweep] step=231/498 control=random seed=2 frac=0.2315 nll_target=1.6497415453195572 acc_target=None elapsed=1548.6s
[sweep] step=232/498 control=low seed=None frac=0.2325 nll_target=0.7737588807940483 acc_target=None elapsed=1549.6s
[sweep] step=232/498 control=random seed=0 frac=0.2325 nll_target=1.6556828245520592 acc_target=None elapsed=1550.5s
[sweep] step=232/498 control=random seed=1 frac=0.2325 nll_target=2.133822724223137 acc_target=None elapsed=1551.5s
[sweep] step=232/498 control=random seed=2 frac=0.2325 nll_target=1.6544615924358368 acc_target=None elapsed=1552.5s
[sweep] step=233/498 control=low seed=None frac=0.2335 nll_target=0.7654792368412018 acc_target=None elapsed=1553.4s
[sweep] step=233/498 control=random seed=0 frac=0.2335 nll_target=1.6931584551930428 acc_target=None elapsed=1554.4s
[sweep] step=233/498 control=random seed=1 frac=0.2335 nll_target=2.1703640148043633 acc_target=None elapsed=1555.3s
[sweep] step=233/498 control=random seed=2 frac=0.2335 nll_target=1.6518680825829506 acc_target=None elapsed=1556.3s
[sweep] step=234/498 control=low seed=None frac=0.2345 nll_target=0.7610978130251169 acc_target=None elapsed=1557.3s
[sweep] step=234/498 control=random seed=0 frac=0.2345 nll_target=1.7090800255537033 acc_target=None elapsed=1558.3s
[sweep] step=234/498 control=random seed=1 frac=0.2345 nll_target=2.1931241303682327 acc_target=None elapsed=1559.2s
[sweep] step=234/498 control=random seed=2 frac=0.2345 nll_target=1.6812703981995583 acc_target=None elapsed=1560.2s
[sweep] step=235/498 control=low seed=None frac=0.2355 nll_target=0.769818153232336 acc_target=None elapsed=1561.2s
[sweep] step=235/498 control=random seed=0 frac=0.2355 nll_target=1.7129248082637787 acc_target=None elapsed=1562.1s
[sweep] step=235/498 control=random seed=1 frac=0.2355 nll_target=2.2239970192313194 acc_target=None elapsed=1563.1s
[sweep] step=235/498 control=random seed=2 frac=0.2355 nll_target=1.669735960662365 acc_target=None elapsed=1564.1s
[sweep] step=236/498 control=low seed=None frac=0.2365 nll_target=0.7764084096997976 acc_target=None elapsed=1565.0s
[sweep] step=236/498 control=random seed=0 frac=0.2365 nll_target=1.7197816148400307 acc_target=None elapsed=1566.0s
[sweep] step=236/498 control=random seed=1 frac=0.2365 nll_target=2.2318892404437065 acc_target=None elapsed=1567.0s
[sweep] step=236/498 control=random seed=2 frac=0.2365 nll_target=1.667854942381382 acc_target=None elapsed=1567.9s
[sweep] step=237/498 control=low seed=None frac=0.2375 nll_target=0.7714546862989664 acc_target=None elapsed=1568.9s
[sweep] step=237/498 control=random seed=0 frac=0.2375 nll_target=1.7232029139995575 acc_target=None elapsed=1569.9s
[sweep] step=237/498 control=random seed=1 frac=0.2375 nll_target=2.22975055873394 acc_target=None elapsed=1570.8s
[sweep] step=237/498 control=random seed=2 frac=0.2375 nll_target=1.674679808318615 acc_target=None elapsed=1571.8s
[sweep] step=238/498 control=low seed=None frac=0.2385 nll_target=0.7717528101056814 acc_target=None elapsed=1572.7s
[sweep] step=238/498 control=random seed=0 frac=0.2385 nll_target=1.7204662412405014 acc_target=None elapsed=1573.7s
[sweep] step=238/498 control=random seed=1 frac=0.2385 nll_target=2.23204892128706 acc_target=None elapsed=1574.7s
[sweep] step=238/498 control=random seed=2 frac=0.2385 nll_target=1.6586935296654701 acc_target=None elapsed=1575.6s
[sweep] step=239/498 control=low seed=None frac=0.2395 nll_target=0.7763254623860121 acc_target=None elapsed=1576.6s
[sweep] step=239/498 control=random seed=0 frac=0.2395 nll_target=1.7230227068066597 acc_target=None elapsed=1577.6s
[sweep] step=239/498 control=random seed=1 frac=0.2395 nll_target=2.2719556093215942 acc_target=None elapsed=1578.5s
[sweep] step=239/498 control=random seed=2 frac=0.2395 nll_target=1.6708141192793846 acc_target=None elapsed=1579.5s
[sweep] step=240/498 control=low seed=None frac=0.2405 nll_target=0.7777449488639832 acc_target=None elapsed=1580.5s
[sweep] step=240/498 control=random seed=0 frac=0.2405 nll_target=1.7161150053143501 acc_target=None elapsed=1581.4s
[sweep] step=240/498 control=random seed=1 frac=0.2405 nll_target=2.2835987880825996 acc_target=None elapsed=1582.4s
[sweep] step=240/498 control=random seed=2 frac=0.2405 nll_target=1.687392570078373 acc_target=None elapsed=1583.4s
[sweep] step=241/498 control=low seed=None frac=0.2415 nll_target=0.7809181064367294 acc_target=None elapsed=1584.4s
[sweep] step=241/498 control=random seed=0 frac=0.2415 nll_target=1.7203068360686302 acc_target=None elapsed=1585.3s
[sweep] step=241/498 control=random seed=1 frac=0.2415 nll_target=2.298774190247059 acc_target=None elapsed=1586.3s
[sweep] step=241/498 control=random seed=2 frac=0.2415 nll_target=1.7149023562669754 acc_target=None elapsed=1587.2s
[sweep] step=242/498 control=low seed=None frac=0.2425 nll_target=0.7876709252595901 acc_target=None elapsed=1588.2s
[sweep] step=242/498 control=random seed=0 frac=0.2425 nll_target=1.7293140441179276 acc_target=None elapsed=1589.2s
[sweep] step=242/498 control=random seed=1 frac=0.2425 nll_target=2.281075567007065 acc_target=None elapsed=1590.2s
[sweep] step=242/498 control=random seed=2 frac=0.2425 nll_target=1.7481691613793373 acc_target=None elapsed=1591.2s
[sweep] step=243/498 control=low seed=None frac=0.2435 nll_target=0.7836847770959139 acc_target=None elapsed=1592.1s
[sweep] step=243/498 control=random seed=0 frac=0.2435 nll_target=1.718955248594284 acc_target=None elapsed=1593.1s
[sweep] step=243/498 control=random seed=1 frac=0.2435 nll_target=2.3010952472686768 acc_target=None elapsed=1594.1s
[sweep] step=243/498 control=random seed=2 frac=0.2435 nll_target=1.754355676472187 acc_target=None elapsed=1595.0s
[sweep] step=244/498 control=low seed=None frac=0.2446 nll_target=0.7882975488901138 acc_target=None elapsed=1596.0s
[sweep] step=244/498 control=random seed=0 frac=0.2446 nll_target=1.7381299957633018 acc_target=None elapsed=1596.9s
[sweep] step=244/498 control=random seed=1 frac=0.2446 nll_target=2.313588321208954 acc_target=None elapsed=1597.9s
[sweep] step=244/498 control=random seed=2 frac=0.2446 nll_target=1.7743939757347107 acc_target=None elapsed=1598.9s
[sweep] step=245/498 control=low seed=None frac=0.2456 nll_target=0.7896466534584761 acc_target=None elapsed=1599.9s
[sweep] step=245/498 control=random seed=0 frac=0.2456 nll_target=1.7571218386292458 acc_target=None elapsed=1600.8s
[sweep] step=245/498 control=random seed=1 frac=0.2456 nll_target=2.25454231351614 acc_target=None elapsed=1601.8s
[sweep] step=245/498 control=random seed=2 frac=0.2456 nll_target=1.7700687497854233 acc_target=None elapsed=1602.8s
[sweep] step=246/498 control=low seed=None frac=0.2466 nll_target=0.7934290859848261 acc_target=None elapsed=1603.7s
[sweep] step=246/498 control=random seed=0 frac=0.2466 nll_target=1.7647872939705849 acc_target=None elapsed=1604.7s
[sweep] step=246/498 control=random seed=1 frac=0.2466 nll_target=2.2827900797128677 acc_target=None elapsed=1605.7s
[sweep] step=246/498 control=random seed=2 frac=0.2466 nll_target=1.7470754534006119 acc_target=None elapsed=1606.6s
[sweep] step=247/498 control=low seed=None frac=0.2476 nll_target=0.7921145707368851 acc_target=None elapsed=1607.6s
[sweep] step=247/498 control=random seed=0 frac=0.2476 nll_target=1.7772955298423767 acc_target=None elapsed=1608.6s
[sweep] step=247/498 control=random seed=1 frac=0.2476 nll_target=2.2997568175196648 acc_target=None elapsed=1609.5s
[sweep] step=247/498 control=random seed=2 frac=0.2476 nll_target=1.7476834580302238 acc_target=None elapsed=1610.5s
[sweep] step=248/498 control=low seed=None frac=0.2486 nll_target=0.7976264450699091 acc_target=None elapsed=1611.5s
[sweep] step=248/498 control=random seed=0 frac=0.2486 nll_target=1.7830726131796837 acc_target=None elapsed=1612.4s
[sweep] step=248/498 control=random seed=1 frac=0.2486 nll_target=2.3006745874881744 acc_target=None elapsed=1613.4s
[sweep] step=248/498 control=random seed=2 frac=0.2486 nll_target=1.7691221237182617 acc_target=None elapsed=1614.3s
[sweep] step=249/498 control=low seed=None frac=0.2496 nll_target=0.7940563932061195 acc_target=None elapsed=1615.3s
[sweep] step=249/498 control=random seed=0 frac=0.2496 nll_target=1.7861179560422897 acc_target=None elapsed=1616.3s
[sweep] step=249/498 control=random seed=1 frac=0.2496 nll_target=2.366247057914734 acc_target=None elapsed=1617.3s
[sweep] step=249/498 control=random seed=2 frac=0.2496 nll_target=1.7820011675357819 acc_target=None elapsed=1618.3s
[sweep] step=250/498 control=low seed=None frac=0.2506 nll_target=0.7970743589103222 acc_target=0.25 elapsed=1646.2s
[sweep] step=250/498 control=random seed=0 frac=0.2506 nll_target=1.7920071929693222 acc_target=0.0 elapsed=1726.1s
[sweep] step=250/498 control=random seed=1 frac=0.2506 nll_target=2.3668364882469177 acc_target=0.0 elapsed=1728.4s
[sweep] step=250/498 control=random seed=2 frac=0.2506 nll_target=1.795233003795147 acc_target=0.0 elapsed=1789.2s
[sweep] step=251/498 control=low seed=None frac=0.2516 nll_target=0.7954967580735683 acc_target=None elapsed=1790.1s
[sweep] step=251/498 control=random seed=0 frac=0.2516 nll_target=1.8026683703064919 acc_target=None elapsed=1791.1s
[sweep] step=251/498 control=random seed=1 frac=0.2516 nll_target=2.3760009706020355 acc_target=None elapsed=1792.1s
[sweep] step=251/498 control=random seed=2 frac=0.2516 nll_target=1.8192327842116356 acc_target=None elapsed=1793.0s
[sweep] step=252/498 control=low seed=None frac=0.2526 nll_target=0.7948651853948832 acc_target=None elapsed=1794.0s
[sweep] step=252/498 control=random seed=0 frac=0.2526 nll_target=1.8145784437656403 acc_target=None elapsed=1795.0s
[sweep] step=252/498 control=random seed=1 frac=0.2526 nll_target=2.395958885550499 acc_target=None elapsed=1795.9s
[sweep] step=252/498 control=random seed=2 frac=0.2526 nll_target=1.8264803066849709 acc_target=None elapsed=1796.9s
[sweep] step=253/498 control=low seed=None frac=0.2536 nll_target=0.7943613454699516 acc_target=None elapsed=1797.9s
[sweep] step=253/498 control=random seed=0 frac=0.2536 nll_target=1.8540833294391632 acc_target=None elapsed=1798.9s
[sweep] step=253/498 control=random seed=1 frac=0.2536 nll_target=2.409742407500744 acc_target=None elapsed=1799.8s
[sweep] step=253/498 control=random seed=2 frac=0.2536 nll_target=1.85553727298975 acc_target=None elapsed=1800.8s
[sweep] step=254/498 control=low seed=None frac=0.2546 nll_target=0.7936711460351944 acc_target=None elapsed=1801.8s
[sweep] step=254/498 control=random seed=0 frac=0.2546 nll_target=1.8535902574658394 acc_target=None elapsed=1802.7s
[sweep] step=254/498 control=random seed=1 frac=0.2546 nll_target=2.3973540887236595 acc_target=None elapsed=1803.7s
[sweep] step=254/498 control=random seed=2 frac=0.2546 nll_target=1.853661760687828 acc_target=None elapsed=1804.7s
[sweep] step=255/498 control=low seed=None frac=0.2556 nll_target=0.7934737782925367 acc_target=None elapsed=1805.7s
[sweep] step=255/498 control=random seed=0 frac=0.2556 nll_target=1.8355507254600525 acc_target=None elapsed=1806.7s
[sweep] step=255/498 control=random seed=1 frac=0.2556 nll_target=2.4269620776176453 acc_target=None elapsed=1807.6s
[sweep] step=255/498 control=random seed=2 frac=0.2556 nll_target=1.8644932433962822 acc_target=None elapsed=1808.6s
[sweep] step=256/498 control=low seed=None frac=0.2566 nll_target=0.7935309987515211 acc_target=None elapsed=1809.6s
[sweep] step=256/498 control=random seed=0 frac=0.2566 nll_target=1.8367462679743767 acc_target=None elapsed=1810.6s
[sweep] step=256/498 control=random seed=1 frac=0.2566 nll_target=2.4509174525737762 acc_target=None elapsed=1811.5s
[sweep] step=256/498 control=random seed=2 frac=0.2566 nll_target=1.870408020913601 acc_target=None elapsed=1812.5s
[sweep] step=257/498 control=low seed=None frac=0.2576 nll_target=0.7925553265959024 acc_target=None elapsed=1813.5s
[sweep] step=257/498 control=random seed=0 frac=0.2576 nll_target=1.8503498286008835 acc_target=None elapsed=1814.5s
[sweep] step=257/498 control=random seed=1 frac=0.2576 nll_target=2.4370657429099083 acc_target=None elapsed=1815.5s
[sweep] step=257/498 control=random seed=2 frac=0.2576 nll_target=1.8621522784233093 acc_target=None elapsed=1816.4s
[sweep] step=258/498 control=low seed=None frac=0.2586 nll_target=0.7991559524089098 acc_target=None elapsed=1817.4s
[sweep] step=258/498 control=random seed=0 frac=0.2586 nll_target=1.8616399317979813 acc_target=None elapsed=1818.4s
[sweep] step=258/498 control=random seed=1 frac=0.2586 nll_target=2.4637967869639397 acc_target=None elapsed=1819.4s
[sweep] step=258/498 control=random seed=2 frac=0.2586 nll_target=1.8573191538453102 acc_target=None elapsed=1820.4s
[sweep] step=259/498 control=low seed=None frac=0.2596 nll_target=0.7991531807929277 acc_target=None elapsed=1821.3s
[sweep] step=259/498 control=random seed=0 frac=0.2596 nll_target=1.8759698495268822 acc_target=None elapsed=1822.4s
[sweep] step=259/498 control=random seed=1 frac=0.2596 nll_target=2.445513390004635 acc_target=None elapsed=1823.4s
[sweep] step=259/498 control=random seed=2 frac=0.2596 nll_target=1.8643639013171196 acc_target=None elapsed=1824.4s
[sweep] step=260/498 control=low seed=None frac=0.2606 nll_target=0.7959902007132769 acc_target=None elapsed=1825.4s
[sweep] step=260/498 control=random seed=0 frac=0.2606 nll_target=1.8923299238085747 acc_target=None elapsed=1826.3s
[sweep] step=260/498 control=random seed=1 frac=0.2606 nll_target=2.4497786164283752 acc_target=None elapsed=1827.3s
[sweep] step=260/498 control=random seed=2 frac=0.2606 nll_target=1.8646434843540192 acc_target=None elapsed=1828.3s
[sweep] step=261/498 control=low seed=None frac=0.2616 nll_target=0.8016907274723053 acc_target=None elapsed=1829.3s
[sweep] step=261/498 control=random seed=0 frac=0.2616 nll_target=1.8765548542141914 acc_target=None elapsed=1830.3s
[sweep] step=261/498 control=random seed=1 frac=0.2616 nll_target=2.4574194252490997 acc_target=None elapsed=1831.3s
[sweep] step=261/498 control=random seed=2 frac=0.2616 nll_target=1.876704879105091 acc_target=None elapsed=1832.3s
[sweep] step=262/498 control=low seed=None frac=0.2626 nll_target=0.803751889616251 acc_target=None elapsed=1833.3s
[sweep] step=262/498 control=random seed=0 frac=0.2626 nll_target=1.8839448541402817 acc_target=None elapsed=1834.2s
[sweep] step=262/498 control=random seed=1 frac=0.2626 nll_target=2.4782341048121452 acc_target=None elapsed=1835.2s
[sweep] step=262/498 control=random seed=2 frac=0.2626 nll_target=1.894809179008007 acc_target=None elapsed=1836.2s
[sweep] step=263/498 control=low seed=None frac=0.2636 nll_target=0.8092013970017433 acc_target=None elapsed=1837.1s
[sweep] step=263/498 control=random seed=0 frac=0.2636 nll_target=1.8972644954919815 acc_target=None elapsed=1838.1s
[sweep] step=263/498 control=random seed=1 frac=0.2636 nll_target=2.473393529653549 acc_target=None elapsed=1839.1s
[sweep] step=263/498 control=random seed=2 frac=0.2636 nll_target=1.9285813346505165 acc_target=None elapsed=1840.1s
[sweep] step=264/498 control=low seed=None frac=0.2646 nll_target=0.8097253199666739 acc_target=None elapsed=1841.1s
[sweep] step=264/498 control=random seed=0 frac=0.2646 nll_target=1.9335755184292793 acc_target=None elapsed=1842.1s
[sweep] step=264/498 control=random seed=1 frac=0.2646 nll_target=2.474336713552475 acc_target=None elapsed=1843.1s
[sweep] step=264/498 control=random seed=2 frac=0.2646 nll_target=1.921109326183796 acc_target=None elapsed=1844.0s
[sweep] step=265/498 control=low seed=None frac=0.2656 nll_target=0.8151961211115122 acc_target=None elapsed=1845.0s
[sweep] step=265/498 control=random seed=0 frac=0.2656 nll_target=1.9242244139313698 acc_target=None elapsed=1846.0s
[sweep] step=265/498 control=random seed=1 frac=0.2656 nll_target=2.4758880510926247 acc_target=None elapsed=1846.9s
[sweep] step=265/498 control=random seed=2 frac=0.2656 nll_target=1.9259815141558647 acc_target=None elapsed=1847.9s
[sweep] step=266/498 control=low seed=None frac=0.2666 nll_target=0.8141186572611332 acc_target=None elapsed=1848.9s
[sweep] step=266/498 control=random seed=0 frac=0.2666 nll_target=1.930367685854435 acc_target=None elapsed=1849.9s
[sweep] step=266/498 control=random seed=1 frac=0.2666 nll_target=2.4672770723700523 acc_target=None elapsed=1850.9s
[sweep] step=266/498 control=random seed=2 frac=0.2666 nll_target=1.9488503634929657 acc_target=None elapsed=1851.8s
[sweep] step=267/498 control=low seed=None frac=0.2676 nll_target=0.8160666115581989 acc_target=None elapsed=1852.8s
[sweep] step=267/498 control=random seed=0 frac=0.2676 nll_target=1.9394593760371208 acc_target=None elapsed=1853.8s
[sweep] step=267/498 control=random seed=1 frac=0.2676 nll_target=2.414063408970833 acc_target=None elapsed=1854.7s
[sweep] step=267/498 control=random seed=2 frac=0.2676 nll_target=1.953620158135891 acc_target=None elapsed=1855.7s
[sweep] step=268/498 control=low seed=None frac=0.2686 nll_target=0.811290955170989 acc_target=None elapsed=1856.7s
[sweep] step=268/498 control=random seed=0 frac=0.2686 nll_target=1.9432411715388298 acc_target=None elapsed=1857.7s
[sweep] step=268/498 control=random seed=1 frac=0.2686 nll_target=2.388703428208828 acc_target=None elapsed=1858.8s
[sweep] step=268/498 control=random seed=2 frac=0.2686 nll_target=1.9638916850090027 acc_target=None elapsed=1859.8s
[sweep] step=269/498 control=low seed=None frac=0.2696 nll_target=0.814408864825964 acc_target=None elapsed=1860.8s
[sweep] step=269/498 control=random seed=0 frac=0.2696 nll_target=1.9336767718195915 acc_target=None elapsed=1861.8s
[sweep] step=269/498 control=random seed=1 frac=0.2696 nll_target=2.4082775861024857 acc_target=None elapsed=1862.7s
[sweep] step=269/498 control=random seed=2 frac=0.2696 nll_target=1.9687622338533401 acc_target=None elapsed=1863.7s
[sweep] step=270/498 control=low seed=None frac=0.2706 nll_target=0.8109645247459412 acc_target=None elapsed=1864.7s
[sweep] step=270/498 control=random seed=0 frac=0.2706 nll_target=1.9383173733949661 acc_target=None elapsed=1865.7s
[sweep] step=270/498 control=random seed=1 frac=0.2706 nll_target=2.4204915538430214 acc_target=None elapsed=1866.7s
[sweep] step=270/498 control=random seed=2 frac=0.2706 nll_target=1.9636209458112717 acc_target=None elapsed=1867.7s
[sweep] step=271/498 control=low seed=None frac=0.2716 nll_target=0.8135815430432558 acc_target=None elapsed=1868.7s
[sweep] step=271/498 control=random seed=0 frac=0.2716 nll_target=1.9635551199316978 acc_target=None elapsed=1869.6s
[sweep] step=271/498 control=random seed=1 frac=0.2716 nll_target=2.422959826886654 acc_target=None elapsed=1870.6s
[sweep] step=271/498 control=random seed=2 frac=0.2716 nll_target=1.9881299063563347 acc_target=None elapsed=1871.6s
[sweep] step=272/498 control=low seed=None frac=0.2726 nll_target=0.8262890614569187 acc_target=None elapsed=1872.5s
[sweep] step=272/498 control=random seed=0 frac=0.2726 nll_target=1.9581100940704346 acc_target=None elapsed=1873.5s
[sweep] step=272/498 control=random seed=1 frac=0.2726 nll_target=2.442419685423374 acc_target=None elapsed=1874.5s
[sweep] step=272/498 control=random seed=2 frac=0.2726 nll_target=1.9884578809142113 acc_target=None elapsed=1875.5s
[sweep] step=273/498 control=low seed=None frac=0.2736 nll_target=0.829724233597517 acc_target=None elapsed=1876.4s
[sweep] step=273/498 control=random seed=0 frac=0.2736 nll_target=1.951555274426937 acc_target=None elapsed=1877.4s
[sweep] step=273/498 control=random seed=1 frac=0.2736 nll_target=2.4577186852693558 acc_target=None elapsed=1878.4s
[sweep] step=273/498 control=random seed=2 frac=0.2736 nll_target=2.023339904844761 acc_target=None elapsed=1879.4s
[sweep] step=274/498 control=low seed=None frac=0.2746 nll_target=0.8345259986817837 acc_target=None elapsed=1880.4s
[sweep] step=274/498 control=random seed=0 frac=0.2746 nll_target=1.9708730801939964 acc_target=None elapsed=1881.3s
[sweep] step=274/498 control=random seed=1 frac=0.2746 nll_target=2.451799489557743 acc_target=None elapsed=1882.3s
[sweep] step=274/498 control=random seed=2 frac=0.2746 nll_target=2.040425755083561 acc_target=None elapsed=1883.3s
[sweep] step=275/498 control=low seed=None frac=0.2756 nll_target=0.8307285867631435 acc_target=None elapsed=1884.3s
[sweep] step=275/498 control=random seed=0 frac=0.2756 nll_target=1.9648152366280556 acc_target=None elapsed=1885.3s
[sweep] step=275/498 control=random seed=1 frac=0.2756 nll_target=2.466843828558922 acc_target=None elapsed=1886.2s
[sweep] step=275/498 control=random seed=2 frac=0.2756 nll_target=2.048368453979492 acc_target=None elapsed=1887.2s
[sweep] step=276/498 control=low seed=None frac=0.2766 nll_target=0.8338868729770184 acc_target=None elapsed=1888.2s
[sweep] step=276/498 control=random seed=0 frac=0.2766 nll_target=1.9789880514144897 acc_target=None elapsed=1889.2s
[sweep] step=276/498 control=random seed=1 frac=0.2766 nll_target=2.50480367988348 acc_target=None elapsed=1890.1s
[sweep] step=276/498 control=random seed=2 frac=0.2766 nll_target=2.0536171570420265 acc_target=None elapsed=1891.1s
[sweep] step=277/498 control=low seed=None frac=0.2776 nll_target=0.8341123089194298 acc_target=None elapsed=1892.1s
[sweep] step=277/498 control=random seed=0 frac=0.2776 nll_target=2.0190870612859726 acc_target=None elapsed=1893.1s
[sweep] step=277/498 control=random seed=1 frac=0.2776 nll_target=2.4920441433787346 acc_target=None elapsed=1894.0s
[sweep] step=277/498 control=random seed=2 frac=0.2776 nll_target=2.059457190334797 acc_target=None elapsed=1895.0s
[sweep] step=278/498 control=low seed=None frac=0.2786 nll_target=0.8316093161702156 acc_target=None elapsed=1896.0s
[sweep] step=278/498 control=random seed=0 frac=0.2786 nll_target=2.051511123776436 acc_target=None elapsed=1897.0s
[sweep] step=278/498 control=random seed=1 frac=0.2786 nll_target=2.5168340876698494 acc_target=None elapsed=1898.0s
[sweep] step=278/498 control=random seed=2 frac=0.2786 nll_target=2.0693355351686478 acc_target=None elapsed=1899.1s
[sweep] step=279/498 control=low seed=None frac=0.2796 nll_target=0.836380772292614 acc_target=None elapsed=1900.1s
[sweep] step=279/498 control=random seed=0 frac=0.2796 nll_target=2.0653561502695084 acc_target=None elapsed=1901.0s
[sweep] step=279/498 control=random seed=1 frac=0.2796 nll_target=2.512428805232048 acc_target=None elapsed=1902.0s
[sweep] step=279/498 control=random seed=2 frac=0.2796 nll_target=2.085312396287918 acc_target=None elapsed=1903.0s
[sweep] step=280/498 control=low seed=None frac=0.2806 nll_target=0.8372839950025082 acc_target=None elapsed=1904.0s
[sweep] step=280/498 control=random seed=0 frac=0.2806 nll_target=2.091868609189987 acc_target=None elapsed=1905.0s
[sweep] step=280/498 control=random seed=1 frac=0.2806 nll_target=2.5136925131082535 acc_target=None elapsed=1906.0s
[sweep] step=280/498 control=random seed=2 frac=0.2806 nll_target=2.080025553703308 acc_target=None elapsed=1907.0s
[sweep] step=281/498 control=low seed=None frac=0.2816 nll_target=0.8400345109403133 acc_target=None elapsed=1908.0s
[sweep] step=281/498 control=random seed=0 frac=0.2816 nll_target=2.100485749542713 acc_target=None elapsed=1909.0s
[sweep] step=281/498 control=random seed=1 frac=0.2816 nll_target=2.534315526485443 acc_target=None elapsed=1909.9s
[sweep] step=281/498 control=random seed=2 frac=0.2816 nll_target=2.0805717036128044 acc_target=None elapsed=1911.0s
[sweep] step=282/498 control=low seed=None frac=0.2826 nll_target=0.8456881940364838 acc_target=None elapsed=1912.0s
[sweep] step=282/498 control=random seed=0 frac=0.2826 nll_target=2.0913283452391624 acc_target=None elapsed=1913.0s
[sweep] step=282/498 control=random seed=1 frac=0.2826 nll_target=2.5437365025281906 acc_target=None elapsed=1914.0s
[sweep] step=282/498 control=random seed=2 frac=0.2826 nll_target=2.1264133229851723 acc_target=None elapsed=1915.0s
[sweep] step=283/498 control=low seed=None frac=0.2836 nll_target=0.840850044041872 acc_target=None elapsed=1916.0s
[sweep] step=283/498 control=random seed=0 frac=0.2836 nll_target=2.115554764866829 acc_target=None elapsed=1917.0s
[sweep] step=283/498 control=random seed=1 frac=0.2836 nll_target=2.6031330674886703 acc_target=None elapsed=1917.9s
[sweep] step=283/498 control=random seed=2 frac=0.2836 nll_target=2.1311848536133766 acc_target=None elapsed=1918.9s
[sweep] step=284/498 control=low seed=None frac=0.2846 nll_target=0.8403988517820835 acc_target=None elapsed=1920.0s
[sweep] step=284/498 control=random seed=0 frac=0.2846 nll_target=2.1278630942106247 acc_target=None elapsed=1920.9s
[sweep] step=284/498 control=random seed=1 frac=0.2846 nll_target=2.655198723077774 acc_target=None elapsed=1921.9s
[sweep] step=284/498 control=random seed=2 frac=0.2846 nll_target=2.139408439397812 acc_target=None elapsed=1922.9s
[sweep] step=285/498 control=low seed=None frac=0.2856 nll_target=0.8458787724375725 acc_target=None elapsed=1923.8s
[sweep] step=285/498 control=random seed=0 frac=0.2856 nll_target=2.1644186303019524 acc_target=None elapsed=1924.8s
[sweep] step=285/498 control=random seed=1 frac=0.2856 nll_target=2.6463844925165176 acc_target=None elapsed=1925.8s
[sweep] step=285/498 control=random seed=2 frac=0.2856 nll_target=2.1963357478380203 acc_target=None elapsed=1926.8s
[sweep] step=286/498 control=low seed=None frac=0.2866 nll_target=0.8529966808855534 acc_target=None elapsed=1927.7s
[sweep] step=286/498 control=random seed=0 frac=0.2866 nll_target=2.162160336971283 acc_target=None elapsed=1928.7s
[sweep] step=286/498 control=random seed=1 frac=0.2866 nll_target=2.6561285629868507 acc_target=None elapsed=1929.7s
[sweep] step=286/498 control=random seed=2 frac=0.2866 nll_target=2.20684477686882 acc_target=None elapsed=1930.7s
[sweep] step=287/498 control=low seed=None frac=0.2876 nll_target=0.8500134162604809 acc_target=None elapsed=1931.7s
[sweep] step=287/498 control=random seed=0 frac=0.2876 nll_target=2.179078109562397 acc_target=None elapsed=1932.7s
[sweep] step=287/498 control=random seed=1 frac=0.2876 nll_target=2.673005037009716 acc_target=None elapsed=1933.6s
[sweep] step=287/498 control=random seed=2 frac=0.2876 nll_target=2.234960839152336 acc_target=None elapsed=1934.6s
[sweep] step=288/498 control=low seed=None frac=0.2887 nll_target=0.8476775400340557 acc_target=None elapsed=1935.6s
[sweep] step=288/498 control=random seed=0 frac=0.2887 nll_target=2.1854384168982506 acc_target=None elapsed=1936.6s
[sweep] step=288/498 control=random seed=1 frac=0.2887 nll_target=2.6769880205392838 acc_target=None elapsed=1937.6s
[sweep] step=288/498 control=random seed=2 frac=0.2887 nll_target=2.254756473004818 acc_target=None elapsed=1938.6s
[sweep] step=289/498 control=low seed=None frac=0.2897 nll_target=0.8519158288836479 acc_target=None elapsed=1939.6s
[sweep] step=289/498 control=random seed=0 frac=0.2897 nll_target=2.518433637917042 acc_target=None elapsed=1940.5s
[sweep] step=289/498 control=random seed=1 frac=0.2897 nll_target=2.7148613035678864 acc_target=None elapsed=1941.5s
[sweep] step=289/498 control=random seed=2 frac=0.2897 nll_target=2.247743047773838 acc_target=None elapsed=1942.5s
[sweep] step=290/498 control=low seed=None frac=0.2907 nll_target=0.8552468419075012 acc_target=None elapsed=1943.4s
[sweep] step=290/498 control=random seed=0 frac=0.2907 nll_target=2.5204245150089264 acc_target=None elapsed=1944.4s
[sweep] step=290/498 control=random seed=1 frac=0.2907 nll_target=2.753515809774399 acc_target=None elapsed=1945.4s
[sweep] step=290/498 control=random seed=2 frac=0.2907 nll_target=2.2553047239780426 acc_target=None elapsed=1946.4s
[sweep] step=291/498 control=low seed=None frac=0.2917 nll_target=0.8460952863097191 acc_target=None elapsed=1947.4s
[sweep] step=291/498 control=random seed=0 frac=0.2917 nll_target=2.558001846075058 acc_target=None elapsed=1948.4s
[sweep] step=291/498 control=random seed=1 frac=0.2917 nll_target=2.747370094060898 acc_target=None elapsed=1949.3s
[sweep] step=291/498 control=random seed=2 frac=0.2917 nll_target=2.271694265305996 acc_target=None elapsed=1950.3s
[sweep] step=292/498 control=low seed=None frac=0.2927 nll_target=0.840250127017498 acc_target=None elapsed=1951.2s
[sweep] step=292/498 control=random seed=0 frac=0.2927 nll_target=2.540000043809414 acc_target=None elapsed=1952.2s
[sweep] step=292/498 control=random seed=1 frac=0.2927 nll_target=2.776664800941944 acc_target=None elapsed=1953.1s
[sweep] step=292/498 control=random seed=2 frac=0.2927 nll_target=2.268626429140568 acc_target=None elapsed=1954.1s
[sweep] step=293/498 control=low seed=None frac=0.2937 nll_target=0.837030865252018 acc_target=None elapsed=1955.1s
[sweep] step=293/498 control=random seed=0 frac=0.2937 nll_target=2.5247652381658554 acc_target=None elapsed=1956.0s
[sweep] step=293/498 control=random seed=1 frac=0.2937 nll_target=2.7921142578125 acc_target=None elapsed=1957.0s
[sweep] step=293/498 control=random seed=2 frac=0.2937 nll_target=2.269320972263813 acc_target=None elapsed=1957.9s
[sweep] step=294/498 control=low seed=None frac=0.2947 nll_target=0.8356700986623764 acc_target=None elapsed=1958.9s
[sweep] step=294/498 control=random seed=0 frac=0.2947 nll_target=2.5645770728588104 acc_target=None elapsed=1959.9s
[sweep] step=294/498 control=random seed=1 frac=0.2947 nll_target=2.7975651919841766 acc_target=None elapsed=1960.8s
[sweep] step=294/498 control=random seed=2 frac=0.2947 nll_target=2.2668383345007896 acc_target=None elapsed=1961.8s
[sweep] step=295/498 control=low seed=None frac=0.2957 nll_target=0.8379026055335999 acc_target=None elapsed=1962.8s
[sweep] step=295/498 control=random seed=0 frac=0.2957 nll_target=2.583228290081024 acc_target=None elapsed=1963.8s
[sweep] step=295/498 control=random seed=1 frac=0.2957 nll_target=2.8091697990894318 acc_target=None elapsed=1964.8s
[sweep] step=295/498 control=random seed=2 frac=0.2957 nll_target=2.2750106006860733 acc_target=None elapsed=1965.8s
[sweep] step=296/498 control=low seed=None frac=0.2967 nll_target=0.8338246829807758 acc_target=None elapsed=1966.8s
[sweep] step=296/498 control=random seed=0 frac=0.2967 nll_target=2.5730080530047417 acc_target=None elapsed=1967.7s
[sweep] step=296/498 control=random seed=1 frac=0.2967 nll_target=2.806641146540642 acc_target=None elapsed=1968.8s
[sweep] step=296/498 control=random seed=2 frac=0.2967 nll_target=2.288735419511795 acc_target=None elapsed=1969.7s
[sweep] step=297/498 control=low seed=None frac=0.2977 nll_target=0.8375252336263657 acc_target=None elapsed=1970.7s
[sweep] step=297/498 control=random seed=0 frac=0.2977 nll_target=2.61808742582798 acc_target=None elapsed=1971.7s
[sweep] step=297/498 control=random seed=1 frac=0.2977 nll_target=2.8229677453637123 acc_target=None elapsed=1972.6s
[sweep] step=297/498 control=random seed=2 frac=0.2977 nll_target=2.3012232035398483 acc_target=None elapsed=1973.6s
[sweep] step=298/498 control=low seed=None frac=0.2987 nll_target=0.8335914872586727 acc_target=None elapsed=1974.6s
[sweep] step=298/498 control=random seed=0 frac=0.2987 nll_target=2.6369529217481613 acc_target=None elapsed=1975.5s
[sweep] step=298/498 control=random seed=1 frac=0.2987 nll_target=2.840027615427971 acc_target=None elapsed=1976.5s
[sweep] step=298/498 control=random seed=2 frac=0.2987 nll_target=2.271580323576927 acc_target=None elapsed=1977.4s
[sweep] step=299/498 control=low seed=None frac=0.2997 nll_target=0.8262253273278475 acc_target=None elapsed=1978.4s
[sweep] step=299/498 control=random seed=0 frac=0.2997 nll_target=2.6760364025831223 acc_target=None elapsed=1979.3s
[sweep] step=299/498 control=random seed=1 frac=0.2997 nll_target=2.8517312854528427 acc_target=None elapsed=1980.3s
[sweep] step=299/498 control=random seed=2 frac=0.2997 nll_target=2.2714592963457108 acc_target=None elapsed=1981.3s
[sweep] step=300/498 control=low seed=None frac=0.3007 nll_target=0.8310616482049227 acc_target=0.3125 elapsed=2011.8s
[sweep] step=300/498 control=random seed=0 frac=0.3007 nll_target=2.683155879378319 acc_target=0.0 elapsed=2104.1s
[sweep] step=300/498 control=random seed=1 frac=0.3007 nll_target=2.866195395588875 acc_target=0.0 elapsed=2119.6s
[sweep] step=300/498 control=random seed=2 frac=0.3007 nll_target=2.2777744755148888 acc_target=0.0 elapsed=2159.7s
[sweep] step=301/498 control=low seed=None frac=0.3017 nll_target=0.8373748045414686 acc_target=None elapsed=2160.6s
[sweep] step=301/498 control=random seed=0 frac=0.3017 nll_target=2.7052441835403442 acc_target=None elapsed=2161.6s
[sweep] step=301/498 control=random seed=1 frac=0.3017 nll_target=2.8786035031080246 acc_target=None elapsed=2162.5s
[sweep] step=301/498 control=random seed=2 frac=0.3017 nll_target=2.2749323174357414 acc_target=None elapsed=2163.5s
[sweep] step=302/498 control=low seed=None frac=0.3027 nll_target=0.8338408954441547 acc_target=None elapsed=2164.4s
[sweep] step=302/498 control=random seed=0 frac=0.3027 nll_target=2.687861315906048 acc_target=None elapsed=2165.4s
[sweep] step=302/498 control=random seed=1 frac=0.3027 nll_target=2.8794108778238297 acc_target=None elapsed=2166.3s
[sweep] step=302/498 control=random seed=2 frac=0.3027 nll_target=2.3030468747019768 acc_target=None elapsed=2167.3s
[sweep] step=303/498 control=low seed=None frac=0.3037 nll_target=0.8333277236670256 acc_target=None elapsed=2168.2s
[sweep] step=303/498 control=random seed=0 frac=0.3037 nll_target=2.716729700565338 acc_target=None elapsed=2169.2s
[sweep] step=303/498 control=random seed=1 frac=0.3037 nll_target=2.903227671980858 acc_target=None elapsed=2170.1s
[sweep] step=303/498 control=random seed=2 frac=0.3037 nll_target=2.30102551728487 acc_target=None elapsed=2171.1s
[sweep] step=304/498 control=low seed=None frac=0.3047 nll_target=0.842087035998702 acc_target=None elapsed=2172.0s
[sweep] step=304/498 control=random seed=0 frac=0.3047 nll_target=2.737306699156761 acc_target=None elapsed=2173.0s
[sweep] step=304/498 control=random seed=1 frac=0.3047 nll_target=2.9242203533649445 acc_target=None elapsed=2174.0s
[sweep] step=304/498 control=random seed=2 frac=0.3047 nll_target=2.310902662575245 acc_target=None elapsed=2174.9s
[sweep] step=305/498 control=low seed=None frac=0.3057 nll_target=0.8366006631404161 acc_target=None elapsed=2175.9s
[sweep] step=305/498 control=random seed=0 frac=0.3057 nll_target=2.789913147687912 acc_target=None elapsed=2176.8s
[sweep] step=305/498 control=random seed=1 frac=0.3057 nll_target=2.891047716140747 acc_target=None elapsed=2177.8s
[sweep] step=305/498 control=random seed=2 frac=0.3057 nll_target=2.324665404856205 acc_target=None elapsed=2178.7s
[sweep] step=306/498 control=low seed=None frac=0.3067 nll_target=0.8405392840504646 acc_target=None elapsed=2179.7s
[sweep] step=306/498 control=random seed=0 frac=0.3067 nll_target=2.7964889258146286 acc_target=None elapsed=2180.6s
[sweep] step=306/498 control=random seed=1 frac=0.3067 nll_target=2.923421412706375 acc_target=None elapsed=2181.6s
[sweep] step=306/498 control=random seed=2 frac=0.3067 nll_target=2.326911836862564 acc_target=None elapsed=2182.5s
[sweep] step=307/498 control=low seed=None frac=0.3077 nll_target=0.8383851945400238 acc_target=None elapsed=2183.5s
[sweep] step=307/498 control=random seed=0 frac=0.3077 nll_target=2.8044307231903076 acc_target=None elapsed=2184.4s
[sweep] step=307/498 control=random seed=1 frac=0.3077 nll_target=2.9259441047906876 acc_target=None elapsed=2185.4s
[sweep] step=307/498 control=random seed=2 frac=0.3077 nll_target=2.3126522824168205 acc_target=None elapsed=2186.4s
[sweep] step=308/498 control=low seed=None frac=0.3087 nll_target=0.8367907796055079 acc_target=None elapsed=2187.3s
[sweep] step=308/498 control=random seed=0 frac=0.3087 nll_target=2.813028573989868 acc_target=None elapsed=2188.3s
[sweep] step=308/498 control=random seed=1 frac=0.3087 nll_target=2.978566974401474 acc_target=None elapsed=2189.2s
[sweep] step=308/498 control=random seed=2 frac=0.3087 nll_target=2.3461462780833244 acc_target=None elapsed=2190.2s
[sweep] step=309/498 control=low seed=None frac=0.3097 nll_target=0.835854310542345 acc_target=None elapsed=2191.2s
[sweep] step=309/498 control=random seed=0 frac=0.3097 nll_target=2.8140053302049637 acc_target=None elapsed=2192.2s
[sweep] step=309/498 control=random seed=1 frac=0.3097 nll_target=3.0211871713399887 acc_target=None elapsed=2193.1s
[sweep] step=309/498 control=random seed=2 frac=0.3097 nll_target=2.3532909527420998 acc_target=None elapsed=2194.1s
[sweep] step=310/498 control=low seed=None frac=0.3107 nll_target=0.836751701310277 acc_target=None elapsed=2195.1s
[sweep] step=310/498 control=random seed=0 frac=0.3107 nll_target=2.807622179389 acc_target=None elapsed=2196.0s
[sweep] step=310/498 control=random seed=1 frac=0.3107 nll_target=3.0098698288202286 acc_target=None elapsed=2197.0s
[sweep] step=310/498 control=random seed=2 frac=0.3107 nll_target=2.3662452697753906 acc_target=None elapsed=2198.0s
[sweep] step=311/498 control=low seed=None frac=0.3117 nll_target=0.8363700825721025 acc_target=None elapsed=2198.9s
[sweep] step=311/498 control=random seed=0 frac=0.3117 nll_target=2.826476573944092 acc_target=None elapsed=2199.9s
[sweep] step=311/498 control=random seed=1 frac=0.3117 nll_target=2.994129180908203 acc_target=None elapsed=2200.9s
[sweep] step=311/498 control=random seed=2 frac=0.3117 nll_target=2.373639792203903 acc_target=None elapsed=2201.9s
[sweep] step=312/498 control=low seed=None frac=0.3127 nll_target=0.8392398152500391 acc_target=None elapsed=2202.8s
[sweep] step=312/498 control=random seed=0 frac=0.3127 nll_target=2.8517292737960815 acc_target=None elapsed=2203.8s
[sweep] step=312/498 control=random seed=1 frac=0.3127 nll_target=3.0425639003515244 acc_target=None elapsed=2204.8s
[sweep] step=312/498 control=random seed=2 frac=0.3127 nll_target=2.422429494559765 acc_target=None elapsed=2205.7s
[sweep] step=313/498 control=low seed=None frac=0.3137 nll_target=0.8383945245295763 acc_target=None elapsed=2206.7s
[sweep] step=313/498 control=random seed=0 frac=0.3137 nll_target=2.9042873680591583 acc_target=None elapsed=2207.7s
[sweep] step=313/498 control=random seed=1 frac=0.3137 nll_target=3.111177921295166 acc_target=None elapsed=2208.6s
[sweep] step=313/498 control=random seed=2 frac=0.3137 nll_target=2.431899815797806 acc_target=None elapsed=2209.6s
[sweep] step=314/498 control=low seed=None frac=0.3147 nll_target=0.8375381678342819 acc_target=None elapsed=2210.6s
[sweep] step=314/498 control=random seed=0 frac=0.3147 nll_target=2.9286149442195892 acc_target=None elapsed=2211.5s
[sweep] step=314/498 control=random seed=1 frac=0.3147 nll_target=3.1717974096536636 acc_target=None elapsed=2212.5s
[sweep] step=314/498 control=random seed=2 frac=0.3147 nll_target=2.4453805536031723 acc_target=None elapsed=2213.5s
[sweep] step=315/498 control=low seed=None frac=0.3157 nll_target=0.8397617004811764 acc_target=None elapsed=2214.4s
[sweep] step=315/498 control=random seed=0 frac=0.3157 nll_target=2.9251884818077087 acc_target=None elapsed=2215.4s
[sweep] step=315/498 control=random seed=1 frac=0.3157 nll_target=3.154967322945595 acc_target=None elapsed=2216.4s
[sweep] step=315/498 control=random seed=2 frac=0.3157 nll_target=2.477951258420944 acc_target=None elapsed=2217.4s
[sweep] step=316/498 control=low seed=None frac=0.3167 nll_target=0.8347645737230778 acc_target=None elapsed=2218.4s
[sweep] step=316/498 control=random seed=0 frac=0.3167 nll_target=2.998035728931427 acc_target=None elapsed=2219.4s
[sweep] step=316/498 control=random seed=1 frac=0.3167 nll_target=3.173132210969925 acc_target=None elapsed=2220.3s
[sweep] step=316/498 control=random seed=2 frac=0.3167 nll_target=2.507621295750141 acc_target=None elapsed=2221.3s
[sweep] step=317/498 control=low seed=None frac=0.3177 nll_target=0.8257707823067904 acc_target=None elapsed=2222.3s
[sweep] step=317/498 control=random seed=0 frac=0.3177 nll_target=3.0133848935365677 acc_target=None elapsed=2223.2s
[sweep] step=317/498 control=random seed=1 frac=0.3177 nll_target=3.1745022237300873 acc_target=None elapsed=2224.2s
[sweep] step=317/498 control=random seed=2 frac=0.3177 nll_target=2.5149556323885918 acc_target=None elapsed=2225.2s
[sweep] step=318/498 control=low seed=None frac=0.3187 nll_target=0.8244030121713877 acc_target=None elapsed=2226.1s
[sweep] step=318/498 control=random seed=0 frac=0.3187 nll_target=3.0573108941316605 acc_target=None elapsed=2227.1s
[sweep] step=318/498 control=random seed=1 frac=0.3187 nll_target=3.1492079198360443 acc_target=None elapsed=2228.1s
[sweep] step=318/498 control=random seed=2 frac=0.3187 nll_target=2.5369478315114975 acc_target=None elapsed=2229.0s
[sweep] step=319/498 control=low seed=None frac=0.3197 nll_target=0.8290723767131567 acc_target=None elapsed=2230.0s
[sweep] step=319/498 control=random seed=0 frac=0.3197 nll_target=3.0947663336992264 acc_target=None elapsed=2230.9s
[sweep] step=319/498 control=random seed=1 frac=0.3197 nll_target=3.183772101998329 acc_target=None elapsed=2231.9s
[sweep] step=319/498 control=random seed=2 frac=0.3197 nll_target=2.599864289164543 acc_target=None elapsed=2232.9s
[sweep] step=320/498 control=low seed=None frac=0.3207 nll_target=0.8253493215888739 acc_target=None elapsed=2233.8s
[sweep] step=320/498 control=random seed=0 frac=0.3207 nll_target=3.142156094312668 acc_target=None elapsed=2234.8s
[sweep] step=320/498 control=random seed=1 frac=0.3207 nll_target=3.161961153149605 acc_target=None elapsed=2235.7s
[sweep] step=320/498 control=random seed=2 frac=0.3207 nll_target=2.6141258403658867 acc_target=None elapsed=2236.7s
[sweep] step=321/498 control=low seed=None frac=0.3217 nll_target=0.8239246159791946 acc_target=None elapsed=2237.6s
[sweep] step=321/498 control=random seed=0 frac=0.3217 nll_target=3.176533594727516 acc_target=None elapsed=2238.6s
[sweep] step=321/498 control=random seed=1 frac=0.3217 nll_target=3.2212819904088974 acc_target=None elapsed=2239.5s
[sweep] step=321/498 control=random seed=2 frac=0.3217 nll_target=2.6805585846304893 acc_target=None elapsed=2240.5s
[sweep] step=322/498 control=low seed=None frac=0.3227 nll_target=0.8190869390964508 acc_target=None elapsed=2241.5s
[sweep] step=322/498 control=random seed=0 frac=0.3227 nll_target=3.206284523010254 acc_target=None elapsed=2242.4s
[sweep] step=322/498 control=random seed=1 frac=0.3227 nll_target=3.223165139555931 acc_target=None elapsed=2243.4s
[sweep] step=322/498 control=random seed=2 frac=0.3227 nll_target=2.672519639134407 acc_target=None elapsed=2244.3s
[sweep] step=323/498 control=low seed=None frac=0.3237 nll_target=0.8143882304430008 acc_target=None elapsed=2245.3s
[sweep] step=323/498 control=random seed=0 frac=0.3237 nll_target=3.272091507911682 acc_target=None elapsed=2246.2s
[sweep] step=323/498 control=random seed=1 frac=0.3237 nll_target=3.224176302552223 acc_target=None elapsed=2247.2s
[sweep] step=323/498 control=random seed=2 frac=0.3237 nll_target=2.6961697340011597 acc_target=None elapsed=2248.2s
[sweep] step=324/498 control=low seed=None frac=0.3247 nll_target=0.8219347894191742 acc_target=None elapsed=2249.1s
[sweep] step=324/498 control=random seed=0 frac=0.3247 nll_target=3.270839497447014 acc_target=None elapsed=2250.1s
[sweep] step=324/498 control=random seed=1 frac=0.3247 nll_target=3.2232836931943893 acc_target=None elapsed=2251.1s
[sweep] step=324/498 control=random seed=2 frac=0.3247 nll_target=2.7110589146614075 acc_target=None elapsed=2252.0s
[sweep] step=325/498 control=low seed=None frac=0.3257 nll_target=0.8226634506136179 acc_target=None elapsed=2253.0s
[sweep] step=325/498 control=random seed=0 frac=0.3257 nll_target=3.3042436689138412 acc_target=None elapsed=2253.9s
[sweep] step=325/498 control=random seed=1 frac=0.3257 nll_target=3.205732509493828 acc_target=None elapsed=2254.9s
[sweep] step=325/498 control=random seed=2 frac=0.3257 nll_target=2.691354066133499 acc_target=None elapsed=2255.8s
[sweep] step=326/498 control=low seed=None frac=0.3267 nll_target=0.8318235129117966 acc_target=None elapsed=2256.8s
[sweep] step=326/498 control=random seed=0 frac=0.3267 nll_target=3.3574045449495316 acc_target=None elapsed=2257.8s
[sweep] step=326/498 control=random seed=1 frac=0.3267 nll_target=3.2199434340000153 acc_target=None elapsed=2258.7s
[sweep] step=326/498 control=random seed=2 frac=0.3267 nll_target=2.698932498693466 acc_target=None elapsed=2259.7s
[sweep] step=327/498 control=low seed=None frac=0.3277 nll_target=0.833229711279273 acc_target=None elapsed=2260.6s
[sweep] step=327/498 control=random seed=0 frac=0.3277 nll_target=3.347416639328003 acc_target=None elapsed=2261.6s
[sweep] step=327/498 control=random seed=1 frac=0.3277 nll_target=3.2539910972118378 acc_target=None elapsed=2262.5s
[sweep] step=327/498 control=random seed=2 frac=0.3277 nll_target=2.7031812965869904 acc_target=None elapsed=2263.5s
[sweep] step=328/498 control=low seed=None frac=0.3287 nll_target=0.8425771147012711 acc_target=None elapsed=2264.5s
[sweep] step=328/498 control=random seed=0 frac=0.3287 nll_target=3.3434085994958878 acc_target=None elapsed=2265.4s
[sweep] step=328/498 control=random seed=1 frac=0.3287 nll_target=3.2882424145936966 acc_target=None elapsed=2266.4s
[sweep] step=328/498 control=random seed=2 frac=0.3287 nll_target=2.7094894722104073 acc_target=None elapsed=2267.4s
[sweep] step=329/498 control=low seed=None frac=0.3297 nll_target=0.8480762541294098 acc_target=None elapsed=2268.4s
[sweep] step=329/498 control=random seed=0 frac=0.3297 nll_target=3.349046215415001 acc_target=None elapsed=2269.3s
[sweep] step=329/498 control=random seed=1 frac=0.3297 nll_target=3.3014955818653107 acc_target=None elapsed=2270.3s
[sweep] step=329/498 control=random seed=2 frac=0.3297 nll_target=2.7209477350115776 acc_target=None elapsed=2271.3s
[sweep] step=330/498 control=low seed=None frac=0.3307 nll_target=0.8453136533498764 acc_target=None elapsed=2272.3s
[sweep] step=330/498 control=random seed=0 frac=0.3307 nll_target=3.352633088827133 acc_target=None elapsed=2273.3s
[sweep] step=330/498 control=random seed=1 frac=0.3307 nll_target=3.3768250197172165 acc_target=None elapsed=2274.2s
[sweep] step=330/498 control=random seed=2 frac=0.3307 nll_target=2.7517599910497665 acc_target=None elapsed=2275.2s
[sweep] step=331/498 control=low seed=None frac=0.3317 nll_target=0.8492950405925512 acc_target=None elapsed=2276.1s
[sweep] step=331/498 control=random seed=0 frac=0.3317 nll_target=3.338878855109215 acc_target=None elapsed=2277.1s
[sweep] step=331/498 control=random seed=1 frac=0.3317 nll_target=3.3525757044553757 acc_target=None elapsed=2278.1s
[sweep] step=331/498 control=random seed=2 frac=0.3317 nll_target=2.7749918028712273 acc_target=None elapsed=2279.0s
[sweep] step=332/498 control=low seed=None frac=0.3328 nll_target=0.8486106749624014 acc_target=None elapsed=2280.0s
[sweep] step=332/498 control=random seed=0 frac=0.3328 nll_target=3.365001544356346 acc_target=None elapsed=2281.0s
[sweep] step=332/498 control=random seed=1 frac=0.3328 nll_target=3.3579489439725876 acc_target=None elapsed=2281.9s
[sweep] step=332/498 control=random seed=2 frac=0.3328 nll_target=2.765585273504257 acc_target=None elapsed=2282.9s
[sweep] step=333/498 control=low seed=None frac=0.3338 nll_target=0.8523741587996483 acc_target=None elapsed=2283.8s
[sweep] step=333/498 control=random seed=0 frac=0.3338 nll_target=3.389177158474922 acc_target=None elapsed=2284.8s
[sweep] step=333/498 control=random seed=1 frac=0.3338 nll_target=3.367393359541893 acc_target=None elapsed=2285.7s
[sweep] step=333/498 control=random seed=2 frac=0.3338 nll_target=2.785143181681633 acc_target=None elapsed=2286.7s
[sweep] step=334/498 control=low seed=None frac=0.3348 nll_target=0.8524457029998302 acc_target=None elapsed=2287.6s
[sweep] step=334/498 control=random seed=0 frac=0.3348 nll_target=3.4847642481327057 acc_target=None elapsed=2288.6s
[sweep] step=334/498 control=random seed=1 frac=0.3348 nll_target=3.4082684069871902 acc_target=None elapsed=2289.5s
[sweep] step=334/498 control=random seed=2 frac=0.3348 nll_target=2.8151653110980988 acc_target=None elapsed=2290.5s
[sweep] step=335/498 control=low seed=None frac=0.3358 nll_target=0.8511462509632111 acc_target=None elapsed=2291.4s
[sweep] step=335/498 control=random seed=0 frac=0.3358 nll_target=3.4861560314893723 acc_target=None elapsed=2292.4s
[sweep] step=335/498 control=random seed=1 frac=0.3358 nll_target=3.4421474933624268 acc_target=None elapsed=2293.4s
[sweep] step=335/498 control=random seed=2 frac=0.3358 nll_target=2.827856123447418 acc_target=None elapsed=2294.4s
[sweep] step=336/498 control=low seed=None frac=0.3368 nll_target=0.8468996379524469 acc_target=None elapsed=2295.3s
[sweep] step=336/498 control=random seed=0 frac=0.3368 nll_target=3.511339485645294 acc_target=None elapsed=2296.2s
[sweep] step=336/498 control=random seed=1 frac=0.3368 nll_target=3.4436104595661163 acc_target=None elapsed=2297.2s
[sweep] step=336/498 control=random seed=2 frac=0.3368 nll_target=2.817883811891079 acc_target=None elapsed=2298.1s
[sweep] step=337/498 control=low seed=None frac=0.3378 nll_target=0.8492605052888393 acc_target=None elapsed=2299.1s
[sweep] step=337/498 control=random seed=0 frac=0.3378 nll_target=3.5416305512189865 acc_target=None elapsed=2300.1s
[sweep] step=337/498 control=random seed=1 frac=0.3378 nll_target=3.5023331940174103 acc_target=None elapsed=2301.0s
[sweep] step=337/498 control=random seed=2 frac=0.3378 nll_target=2.821584329009056 acc_target=None elapsed=2302.0s
[sweep] step=338/498 control=low seed=None frac=0.3388 nll_target=0.8571897149085999 acc_target=None elapsed=2302.9s
[sweep] step=338/498 control=random seed=0 frac=0.3388 nll_target=3.591815337538719 acc_target=None elapsed=2303.9s
[sweep] step=338/498 control=random seed=1 frac=0.3388 nll_target=3.487445041537285 acc_target=None elapsed=2304.8s
[sweep] step=338/498 control=random seed=2 frac=0.3388 nll_target=2.870813935995102 acc_target=None elapsed=2305.8s
[sweep] step=339/498 control=low seed=None frac=0.3398 nll_target=0.8581316135823727 acc_target=None elapsed=2306.7s
[sweep] step=339/498 control=random seed=0 frac=0.3398 nll_target=3.625748708844185 acc_target=None elapsed=2307.7s
[sweep] step=339/498 control=random seed=1 frac=0.3398 nll_target=3.5426821559667587 acc_target=None elapsed=2308.6s
[sweep] step=339/498 control=random seed=2 frac=0.3398 nll_target=2.8448513746261597 acc_target=None elapsed=2309.6s
[sweep] step=340/498 control=low seed=None frac=0.3408 nll_target=0.8601097576320171 acc_target=None elapsed=2310.6s
[sweep] step=340/498 control=random seed=0 frac=0.3408 nll_target=3.678160712122917 acc_target=None elapsed=2311.5s
[sweep] step=340/498 control=random seed=1 frac=0.3408 nll_target=3.565119504928589 acc_target=None elapsed=2312.4s
[sweep] step=340/498 control=random seed=2 frac=0.3408 nll_target=2.851604148745537 acc_target=None elapsed=2313.4s
[sweep] step=341/498 control=low seed=None frac=0.3418 nll_target=0.8594309911131859 acc_target=None elapsed=2314.3s
[sweep] step=341/498 control=random seed=0 frac=0.3418 nll_target=3.7102909982204437 acc_target=None elapsed=2315.3s
[sweep] step=341/498 control=random seed=1 frac=0.3418 nll_target=3.572102651000023 acc_target=None elapsed=2316.2s
[sweep] step=341/498 control=random seed=2 frac=0.3418 nll_target=2.8683510422706604 acc_target=None elapsed=2317.2s
[sweep] step=342/498 control=low seed=None frac=0.3428 nll_target=0.8618141729384661 acc_target=None elapsed=2318.1s
[sweep] step=342/498 control=random seed=0 frac=0.3428 nll_target=3.729370102286339 acc_target=None elapsed=2319.1s
[sweep] step=342/498 control=random seed=1 frac=0.3428 nll_target=3.5819322913885117 acc_target=None elapsed=2320.1s
[sweep] step=342/498 control=random seed=2 frac=0.3428 nll_target=2.886606141924858 acc_target=None elapsed=2321.0s
[sweep] step=343/498 control=low seed=None frac=0.3438 nll_target=0.859992740675807 acc_target=None elapsed=2322.0s
[sweep] step=343/498 control=random seed=0 frac=0.3438 nll_target=3.6941000521183014 acc_target=None elapsed=2322.9s
[sweep] step=343/498 control=random seed=1 frac=0.3438 nll_target=3.6465543508529663 acc_target=None elapsed=2323.9s
[sweep] step=343/498 control=random seed=2 frac=0.3438 nll_target=2.8926943615078926 acc_target=None elapsed=2324.9s
[sweep] step=344/498 control=low seed=None frac=0.3448 nll_target=0.8608078695833683 acc_target=None elapsed=2325.8s
[sweep] step=344/498 control=random seed=0 frac=0.3448 nll_target=3.743181139230728 acc_target=None elapsed=2326.7s
[sweep] step=344/498 control=random seed=1 frac=0.3448 nll_target=3.6722055226564407 acc_target=None elapsed=2327.7s
[sweep] step=344/498 control=random seed=2 frac=0.3448 nll_target=2.9597474187612534 acc_target=None elapsed=2328.7s
[sweep] step=345/498 control=low seed=None frac=0.3458 nll_target=0.8633471038192511 acc_target=None elapsed=2329.6s
[sweep] step=345/498 control=random seed=0 frac=0.3458 nll_target=3.692568674683571 acc_target=None elapsed=2330.6s
[sweep] step=345/498 control=random seed=1 frac=0.3458 nll_target=3.7011456340551376 acc_target=None elapsed=2331.5s
[sweep] step=345/498 control=random seed=2 frac=0.3458 nll_target=2.962858662009239 acc_target=None elapsed=2332.5s
[sweep] step=346/498 control=low seed=None frac=0.3468 nll_target=0.8558856882154942 acc_target=None elapsed=2333.5s
[sweep] step=346/498 control=random seed=0 frac=0.3468 nll_target=3.7954619973897934 acc_target=None elapsed=2334.4s
[sweep] step=346/498 control=random seed=1 frac=0.3468 nll_target=3.712330684065819 acc_target=None elapsed=2335.4s
[sweep] step=346/498 control=random seed=2 frac=0.3468 nll_target=3.00142078101635 acc_target=None elapsed=2336.3s
[sweep] step=347/498 control=low seed=None frac=0.3478 nll_target=0.8630089722573757 acc_target=None elapsed=2337.3s
[sweep] step=347/498 control=random seed=0 frac=0.3478 nll_target=3.8734856843948364 acc_target=None elapsed=2338.3s
[sweep] step=347/498 control=random seed=1 frac=0.3478 nll_target=3.707749977707863 acc_target=None elapsed=2339.2s
[sweep] step=347/498 control=random seed=2 frac=0.3478 nll_target=2.9761251732707024 acc_target=None elapsed=2340.2s
[sweep] step=348/498 control=low seed=None frac=0.3488 nll_target=0.8703538868576288 acc_target=None elapsed=2341.1s
[sweep] step=348/498 control=random seed=0 frac=0.3488 nll_target=3.8401029855012894 acc_target=None elapsed=2342.1s
[sweep] step=348/498 control=random seed=1 frac=0.3488 nll_target=3.711557164788246 acc_target=None elapsed=2343.1s
[sweep] step=348/498 control=random seed=2 frac=0.3488 nll_target=3.01792548596859 acc_target=None elapsed=2344.0s
[sweep] step=349/498 control=low seed=None frac=0.3498 nll_target=0.8701802268624306 acc_target=None elapsed=2345.0s
[sweep] step=349/498 control=random seed=0 frac=0.3498 nll_target=3.8573823124170303 acc_target=None elapsed=2346.0s
[sweep] step=349/498 control=random seed=1 frac=0.3498 nll_target=3.714202582836151 acc_target=None elapsed=2346.9s
[sweep] step=349/498 control=random seed=2 frac=0.3498 nll_target=3.0083203613758087 acc_target=None elapsed=2347.9s
[sweep] step=350/498 control=low seed=None frac=0.3508 nll_target=0.8773358501493931 acc_target=0.3125 elapsed=2388.1s
[sweep] step=350/498 control=random seed=0 frac=0.3508 nll_target=3.862892225384712 acc_target=0.0 elapsed=2462.6s
[sweep] step=350/498 control=random seed=1 frac=0.3508 nll_target=3.7164642810821533 acc_target=0.0 elapsed=2489.5s
[sweep] step=350/498 control=random seed=2 frac=0.3508 nll_target=3.0580101013183594 acc_target=0.0 elapsed=2561.1s
[sweep] step=351/498 control=low seed=None frac=0.3518 nll_target=0.8779461868107319 acc_target=None elapsed=2562.1s
[sweep] step=351/498 control=random seed=0 frac=0.3518 nll_target=3.9075892865657806 acc_target=None elapsed=2563.0s
[sweep] step=351/498 control=random seed=1 frac=0.3518 nll_target=3.7201390713453293 acc_target=None elapsed=2564.0s
[sweep] step=351/498 control=random seed=2 frac=0.3518 nll_target=3.061608523130417 acc_target=None elapsed=2564.9s
[sweep] step=352/498 control=low seed=None frac=0.3528 nll_target=0.8814136162400246 acc_target=None elapsed=2565.9s
[sweep] step=352/498 control=random seed=0 frac=0.3528 nll_target=3.8948376178741455 acc_target=None elapsed=2566.8s
[sweep] step=352/498 control=random seed=1 frac=0.3528 nll_target=3.760443940758705 acc_target=None elapsed=2567.7s
[sweep] step=352/498 control=random seed=2 frac=0.3528 nll_target=3.0882266014814377 acc_target=None elapsed=2568.7s
[sweep] step=353/498 control=low seed=None frac=0.3538 nll_target=0.884271577000618 acc_target=None elapsed=2569.7s
[sweep] step=353/498 control=random seed=0 frac=0.3538 nll_target=3.892581567168236 acc_target=None elapsed=2570.6s
[sweep] step=353/498 control=random seed=1 frac=0.3538 nll_target=3.7731219977140427 acc_target=None elapsed=2571.6s
[sweep] step=353/498 control=random seed=2 frac=0.3538 nll_target=3.12500137090683 acc_target=None elapsed=2572.5s
[sweep] step=354/498 control=low seed=None frac=0.3548 nll_target=0.8856163509190083 acc_target=None elapsed=2573.5s
[sweep] step=354/498 control=random seed=0 frac=0.3548 nll_target=3.8786726146936417 acc_target=None elapsed=2574.4s
[sweep] step=354/498 control=random seed=1 frac=0.3548 nll_target=3.8155371248722076 acc_target=None elapsed=2575.4s
[sweep] step=354/498 control=random seed=2 frac=0.3548 nll_target=3.1656567454338074 acc_target=None elapsed=2576.4s
[sweep] step=355/498 control=low seed=None frac=0.3558 nll_target=0.889851251617074 acc_target=None elapsed=2577.3s
[sweep] step=355/498 control=random seed=0 frac=0.3558 nll_target=3.923683986067772 acc_target=None elapsed=2578.3s
[sweep] step=355/498 control=random seed=1 frac=0.3558 nll_target=3.8416760563850403 acc_target=None elapsed=2579.3s
[sweep] step=355/498 control=random seed=2 frac=0.3558 nll_target=3.1609551161527634 acc_target=None elapsed=2580.2s
[sweep] step=356/498 control=low seed=None frac=0.3568 nll_target=0.8937668465077877 acc_target=None elapsed=2581.1s
[sweep] step=356/498 control=random seed=0 frac=0.3568 nll_target=3.9218520373106003 acc_target=None elapsed=2582.1s
[sweep] step=356/498 control=random seed=1 frac=0.3568 nll_target=3.835539296269417 acc_target=None elapsed=2583.1s
[sweep] step=356/498 control=random seed=2 frac=0.3568 nll_target=3.186930298805237 acc_target=None elapsed=2584.0s
[sweep] step=357/498 control=low seed=None frac=0.3578 nll_target=0.8917339853942394 acc_target=None elapsed=2584.9s
[sweep] step=357/498 control=random seed=0 frac=0.3578 nll_target=3.9197317361831665 acc_target=None elapsed=2585.9s
[sweep] step=357/498 control=random seed=1 frac=0.3578 nll_target=3.8736923187971115 acc_target=None elapsed=2586.9s
[sweep] step=357/498 control=random seed=2 frac=0.3578 nll_target=3.148004427552223 acc_target=None elapsed=2587.8s
[sweep] step=358/498 control=low seed=None frac=0.3588 nll_target=0.9053405076265335 acc_target=None elapsed=2588.8s
[sweep] step=358/498 control=random seed=0 frac=0.3588 nll_target=3.9500378519296646 acc_target=None elapsed=2589.7s
[sweep] step=358/498 control=random seed=1 frac=0.3588 nll_target=3.8234253227710724 acc_target=None elapsed=2590.7s
[sweep] step=358/498 control=random seed=2 frac=0.3588 nll_target=3.141758978366852 acc_target=None elapsed=2591.7s
[sweep] step=359/498 control=low seed=None frac=0.3598 nll_target=0.9036210626363754 acc_target=None elapsed=2592.6s
[sweep] step=359/498 control=random seed=0 frac=0.3598 nll_target=4.0153142511844635 acc_target=None elapsed=2593.6s
[sweep] step=359/498 control=random seed=1 frac=0.3598 nll_target=3.820692718029022 acc_target=None elapsed=2594.6s
[sweep] step=359/498 control=random seed=2 frac=0.3598 nll_target=3.140924111008644 acc_target=None elapsed=2595.5s
[sweep] step=360/498 control=low seed=None frac=0.3608 nll_target=0.9084508307278156 acc_target=None elapsed=2596.5s
[sweep] step=360/498 control=random seed=0 frac=0.3608 nll_target=4.029680892825127 acc_target=None elapsed=2597.5s
[sweep] step=360/498 control=random seed=1 frac=0.3608 nll_target=3.8462345898151398 acc_target=None elapsed=2598.4s
[sweep] step=360/498 control=random seed=2 frac=0.3608 nll_target=3.1498161256313324 acc_target=None elapsed=2599.4s
[sweep] step=361/498 control=low seed=None frac=0.3618 nll_target=0.906982883810997 acc_target=None elapsed=2600.3s
[sweep] step=361/498 control=random seed=0 frac=0.3618 nll_target=4.069992333650589 acc_target=None elapsed=2601.3s
[sweep] step=361/498 control=random seed=1 frac=0.3618 nll_target=3.8535126447677612 acc_target=None elapsed=2602.3s
[sweep] step=361/498 control=random seed=2 frac=0.3618 nll_target=3.145380198955536 acc_target=None elapsed=2603.3s
[sweep] step=362/498 control=low seed=None frac=0.3628 nll_target=0.9117807373404503 acc_target=None elapsed=2604.2s
[sweep] step=362/498 control=random seed=0 frac=0.3628 nll_target=4.070460751652718 acc_target=None elapsed=2605.2s
[sweep] step=362/498 control=random seed=1 frac=0.3628 nll_target=3.853879064321518 acc_target=None elapsed=2606.1s
[sweep] step=362/498 control=random seed=2 frac=0.3628 nll_target=3.149044379591942 acc_target=None elapsed=2607.1s
[sweep] step=363/498 control=low seed=None frac=0.3638 nll_target=0.910296468064189 acc_target=None elapsed=2608.0s
[sweep] step=363/498 control=random seed=0 frac=0.3638 nll_target=4.069561645388603 acc_target=None elapsed=2609.0s
[sweep] step=363/498 control=random seed=1 frac=0.3638 nll_target=3.869696229696274 acc_target=None elapsed=2609.9s
[sweep] step=363/498 control=random seed=2 frac=0.3638 nll_target=3.1802241057157516 acc_target=None elapsed=2610.9s
[sweep] step=364/498 control=low seed=None frac=0.3648 nll_target=0.9155934825539589 acc_target=None elapsed=2611.8s
[sweep] step=364/498 control=random seed=0 frac=0.3648 nll_target=5.436476454138756 acc_target=None elapsed=2612.8s
[sweep] step=364/498 control=random seed=1 frac=0.3648 nll_target=3.807481572031975 acc_target=None elapsed=2613.8s
[sweep] step=364/498 control=random seed=2 frac=0.3648 nll_target=3.2150073647499084 acc_target=None elapsed=2614.7s
[sweep] step=365/498 control=low seed=None frac=0.3658 nll_target=0.9212705735117197 acc_target=None elapsed=2615.7s
[sweep] step=365/498 control=random seed=0 frac=0.3658 nll_target=5.486977607011795 acc_target=None elapsed=2616.6s
[sweep] step=365/498 control=random seed=1 frac=0.3658 nll_target=3.8781092911958694 acc_target=None elapsed=2617.6s
[sweep] step=365/498 control=random seed=2 frac=0.3658 nll_target=3.2211757451295853 acc_target=None elapsed=2618.6s
[sweep] step=366/498 control=low seed=None frac=0.3668 nll_target=0.9253208227455616 acc_target=None elapsed=2619.5s
[sweep] step=366/498 control=random seed=0 frac=0.3668 nll_target=6.010010063648224 acc_target=None elapsed=2620.5s
[sweep] step=366/498 control=random seed=1 frac=0.3668 nll_target=3.898245260119438 acc_target=None elapsed=2621.5s
[sweep] step=366/498 control=random seed=2 frac=0.3668 nll_target=3.2180314660072327 acc_target=None elapsed=2622.4s
[sweep] step=367/498 control=low seed=None frac=0.3678 nll_target=0.9217534065246582 acc_target=None elapsed=2623.4s
[sweep] step=367/498 control=random seed=0 frac=0.3678 nll_target=6.155914723873138 acc_target=None elapsed=2624.4s
[sweep] step=367/498 control=random seed=1 frac=0.3678 nll_target=3.9094345569610596 acc_target=None elapsed=2625.4s
[sweep] step=367/498 control=random seed=2 frac=0.3678 nll_target=3.17984277009964 acc_target=None elapsed=2626.3s
[sweep] step=368/498 control=low seed=None frac=0.3688 nll_target=0.9221746250987053 acc_target=None elapsed=2627.3s
[sweep] step=368/498 control=random seed=0 frac=0.3688 nll_target=5.854997783899307 acc_target=None elapsed=2628.3s
[sweep] step=368/498 control=random seed=1 frac=0.3688 nll_target=3.895294487476349 acc_target=None elapsed=2629.2s
[sweep] step=368/498 control=random seed=2 frac=0.3688 nll_target=3.2016783505678177 acc_target=None elapsed=2630.2s
[sweep] step=369/498 control=low seed=None frac=0.3698 nll_target=0.9226486347615719 acc_target=None elapsed=2631.2s
[sweep] step=369/498 control=random seed=0 frac=0.3698 nll_target=5.27396322786808 acc_target=None elapsed=2632.1s
[sweep] step=369/498 control=random seed=1 frac=0.3698 nll_target=3.896244466304779 acc_target=None elapsed=2633.1s
[sweep] step=369/498 control=random seed=2 frac=0.3698 nll_target=3.1870806962251663 acc_target=None elapsed=2634.1s
[sweep] step=370/498 control=low seed=None frac=0.3708 nll_target=0.9313372187316418 acc_target=None elapsed=2635.0s
[sweep] step=370/498 control=random seed=0 frac=0.3708 nll_target=5.072622433304787 acc_target=None elapsed=2635.9s
[sweep] step=370/498 control=random seed=1 frac=0.3708 nll_target=3.8796360045671463 acc_target=None elapsed=2636.9s
[sweep] step=370/498 control=random seed=2 frac=0.3708 nll_target=3.1897315979003906 acc_target=None elapsed=2637.9s
[sweep] step=371/498 control=low seed=None frac=0.3718 nll_target=0.9357188269495964 acc_target=None elapsed=2638.9s
[sweep] step=371/498 control=random seed=0 frac=0.3718 nll_target=5.0444852858781815 acc_target=None elapsed=2639.8s
[sweep] step=371/498 control=random seed=1 frac=0.3718 nll_target=3.846942439675331 acc_target=None elapsed=2640.8s
[sweep] step=371/498 control=random seed=2 frac=0.3718 nll_target=3.3213660269975662 acc_target=None elapsed=2641.7s
[sweep] step=372/498 control=low seed=None frac=0.3728 nll_target=0.9407182224094868 acc_target=None elapsed=2642.7s
[sweep] step=372/498 control=random seed=0 frac=0.3728 nll_target=5.090376853942871 acc_target=None elapsed=2643.6s
[sweep] step=372/498 control=random seed=1 frac=0.3728 nll_target=3.8462488800287247 acc_target=None elapsed=2644.5s
[sweep] step=372/498 control=random seed=2 frac=0.3728 nll_target=3.330909326672554 acc_target=None elapsed=2645.5s
[sweep] step=373/498 control=low seed=None frac=0.3738 nll_target=0.9429687857627869 acc_target=None elapsed=2646.4s
[sweep] step=373/498 control=random seed=0 frac=0.3738 nll_target=5.198363274335861 acc_target=None elapsed=2647.4s
[sweep] step=373/498 control=random seed=1 frac=0.3738 nll_target=3.8567010015249252 acc_target=None elapsed=2648.4s
[sweep] step=373/498 control=random seed=2 frac=0.3738 nll_target=3.364568144083023 acc_target=None elapsed=2649.3s
[sweep] step=374/498 control=low seed=None frac=0.3748 nll_target=0.94250213727355 acc_target=None elapsed=2650.3s
[sweep] step=374/498 control=random seed=0 frac=0.3748 nll_target=5.842599183320999 acc_target=None elapsed=2651.2s
[sweep] step=374/498 control=random seed=1 frac=0.3748 nll_target=3.8503459990024567 acc_target=None elapsed=2652.1s
[sweep] step=374/498 control=random seed=2 frac=0.3748 nll_target=3.359890967607498 acc_target=None elapsed=2653.1s
[sweep] step=375/498 control=low seed=None frac=0.3758 nll_target=0.9356866665184498 acc_target=None elapsed=2654.1s
[sweep] step=375/498 control=random seed=0 frac=0.3758 nll_target=5.654009252786636 acc_target=None elapsed=2655.1s
[sweep] step=375/498 control=random seed=1 frac=0.3758 nll_target=3.8680562525987625 acc_target=None elapsed=2656.1s
[sweep] step=375/498 control=random seed=2 frac=0.3758 nll_target=3.3592426776885986 acc_target=None elapsed=2657.1s
[sweep] step=376/498 control=low seed=None frac=0.3769 nll_target=0.9358625151216984 acc_target=None elapsed=2658.1s
[sweep] step=376/498 control=random seed=0 frac=0.3769 nll_target=6.210432797670364 acc_target=None elapsed=2659.1s
[sweep] step=376/498 control=random seed=1 frac=0.3769 nll_target=3.879929929971695 acc_target=None elapsed=2660.1s
[sweep] step=376/498 control=random seed=2 frac=0.3769 nll_target=3.4748623371124268 acc_target=None elapsed=2661.0s
[sweep] step=377/498 control=low seed=None frac=0.3779 nll_target=0.9391048587858677 acc_target=None elapsed=2662.0s
[sweep] step=377/498 control=random seed=0 frac=0.3779 nll_target=6.073942959308624 acc_target=None elapsed=2662.9s
[sweep] step=377/498 control=random seed=1 frac=0.3779 nll_target=3.9183374494314194 acc_target=None elapsed=2663.9s
[sweep] step=377/498 control=random seed=2 frac=0.3779 nll_target=3.4608002454042435 acc_target=None elapsed=2664.8s
[sweep] step=378/498 control=low seed=None frac=0.3789 nll_target=0.9407336413860321 acc_target=None elapsed=2665.8s
[sweep] step=378/498 control=random seed=0 frac=0.3789 nll_target=5.706388890743256 acc_target=None elapsed=2666.8s
[sweep] step=378/498 control=random seed=1 frac=0.3789 nll_target=3.8922003358602524 acc_target=None elapsed=2667.7s
[sweep] step=378/498 control=random seed=2 frac=0.3789 nll_target=3.4547382444143295 acc_target=None elapsed=2668.7s
[sweep] step=379/498 control=low seed=None frac=0.3799 nll_target=0.9502744935452938 acc_target=None elapsed=2669.7s
[sweep] step=379/498 control=random seed=0 frac=0.3799 nll_target=5.765177696943283 acc_target=None elapsed=2670.8s
[sweep] step=379/498 control=random seed=1 frac=0.3799 nll_target=3.8960165232419968 acc_target=None elapsed=2671.9s
[sweep] step=379/498 control=random seed=2 frac=0.3799 nll_target=3.5156921297311783 acc_target=None elapsed=2672.9s
[sweep] step=380/498 control=low seed=None frac=0.3809 nll_target=0.954376507550478 acc_target=None elapsed=2673.9s
[sweep] step=380/498 control=random seed=0 frac=0.3809 nll_target=6.030363976955414 acc_target=None elapsed=2674.9s
[sweep] step=380/498 control=random seed=1 frac=0.3809 nll_target=3.886621430516243 acc_target=None elapsed=2675.8s
[sweep] step=380/498 control=random seed=2 frac=0.3809 nll_target=3.5226537734270096 acc_target=None elapsed=2676.8s
[sweep] step=381/498 control=low seed=None frac=0.3819 nll_target=0.949906762689352 acc_target=None elapsed=2677.8s
[sweep] step=381/498 control=random seed=0 frac=0.3819 nll_target=5.841418921947479 acc_target=None elapsed=2678.8s
[sweep] step=381/498 control=random seed=1 frac=0.3819 nll_target=3.896628588438034 acc_target=None elapsed=2679.8s
[sweep] step=381/498 control=random seed=2 frac=0.3819 nll_target=3.5294075459241867 acc_target=None elapsed=2680.8s
[sweep] step=382/498 control=low seed=None frac=0.3829 nll_target=0.9465274251997471 acc_target=None elapsed=2681.8s
[sweep] step=382/498 control=random seed=0 frac=0.3829 nll_target=10.557288259267807 acc_target=None elapsed=2682.8s
[sweep] step=382/498 control=random seed=1 frac=0.3829 nll_target=3.8985191583633423 acc_target=None elapsed=2683.8s
[sweep] step=382/498 control=random seed=2 frac=0.3829 nll_target=3.524649038910866 acc_target=None elapsed=2684.8s
[sweep] step=383/498 control=low seed=None frac=0.3839 nll_target=0.950731910765171 acc_target=None elapsed=2685.8s
[sweep] step=383/498 control=random seed=0 frac=0.3839 nll_target=10.547645807266235 acc_target=None elapsed=2686.8s
[sweep] step=383/498 control=random seed=1 frac=0.3839 nll_target=3.9021152704954147 acc_target=None elapsed=2687.8s
[sweep] step=383/498 control=random seed=2 frac=0.3839 nll_target=3.541678100824356 acc_target=None elapsed=2688.8s
[sweep] step=384/498 control=low seed=None frac=0.3849 nll_target=0.9501467123627663 acc_target=None elapsed=2689.8s
[sweep] step=384/498 control=random seed=0 frac=0.3849 nll_target=10.796509563922882 acc_target=None elapsed=2690.7s
[sweep] step=384/498 control=random seed=1 frac=0.3849 nll_target=3.9013171643018723 acc_target=None elapsed=2691.7s
[sweep] step=384/498 control=random seed=2 frac=0.3849 nll_target=3.578738108277321 acc_target=None elapsed=2692.7s
[sweep] step=385/498 control=low seed=None frac=0.3859 nll_target=0.9490938819944859 acc_target=None elapsed=2693.7s
[sweep] step=385/498 control=random seed=0 frac=0.3859 nll_target=10.7438345849514 acc_target=None elapsed=2694.7s
[sweep] step=385/498 control=random seed=1 frac=0.3859 nll_target=3.9552205204963684 acc_target=None elapsed=2695.6s
[sweep] step=385/498 control=random seed=2 frac=0.3859 nll_target=3.5980591624975204 acc_target=None elapsed=2696.6s
[sweep] step=386/498 control=low seed=None frac=0.3869 nll_target=0.9507092908024788 acc_target=None elapsed=2697.6s
[sweep] step=386/498 control=random seed=0 frac=0.3869 nll_target=10.682906031608582 acc_target=None elapsed=2698.6s
[sweep] step=386/498 control=random seed=1 frac=0.3869 nll_target=3.963956907391548 acc_target=None elapsed=2699.5s
[sweep] step=386/498 control=random seed=2 frac=0.3869 nll_target=3.66389699280262 acc_target=None elapsed=2700.5s
[sweep] step=387/498 control=low seed=None frac=0.3879 nll_target=0.9558874554932117 acc_target=None elapsed=2701.7s
[sweep] step=387/498 control=random seed=0 frac=0.3879 nll_target=10.741016864776611 acc_target=None elapsed=2703.8s
[sweep] step=387/498 control=random seed=1 frac=0.3879 nll_target=3.9476941227912903 acc_target=None elapsed=2706.0s
[sweep] step=387/498 control=random seed=2 frac=0.3879 nll_target=3.6778490394353867 acc_target=None elapsed=2708.1s
[sweep] step=388/498 control=low seed=None frac=0.3889 nll_target=0.9592306762933731 acc_target=None elapsed=2710.3s
[sweep] step=388/498 control=random seed=0 frac=0.3889 nll_target=10.601778417825699 acc_target=None elapsed=2712.4s
[sweep] step=388/498 control=random seed=1 frac=0.3889 nll_target=3.923899233341217 acc_target=None elapsed=2714.7s
[sweep] step=388/498 control=random seed=2 frac=0.3889 nll_target=3.697650596499443 acc_target=None elapsed=2716.8s
[sweep] step=389/498 control=low seed=None frac=0.3899 nll_target=0.967905554920435 acc_target=None elapsed=2719.1s
[sweep] step=389/498 control=random seed=0 frac=0.3899 nll_target=10.689930438995361 acc_target=None elapsed=2721.3s
[sweep] step=389/498 control=random seed=1 frac=0.3899 nll_target=3.9574234783649445 acc_target=None elapsed=2723.4s
[sweep] step=389/498 control=random seed=2 frac=0.3899 nll_target=3.6841306388378143 acc_target=None elapsed=2725.6s
[sweep] step=390/498 control=low seed=None frac=0.3909 nll_target=0.9675634875893593 acc_target=None elapsed=2727.8s
[sweep] step=390/498 control=random seed=0 frac=0.3909 nll_target=10.604636907577515 acc_target=None elapsed=2730.0s
[sweep] step=390/498 control=random seed=1 frac=0.3909 nll_target=3.9706488996744156 acc_target=None elapsed=2732.0s
[sweep] step=390/498 control=random seed=2 frac=0.3909 nll_target=3.7217926383018494 acc_target=None elapsed=2734.2s
[sweep] step=391/498 control=low seed=None frac=0.3919 nll_target=0.9580897428095341 acc_target=None elapsed=2736.3s
[sweep] step=391/498 control=random seed=0 frac=0.3919 nll_target=10.632047951221466 acc_target=None elapsed=2738.5s
[sweep] step=391/498 control=random seed=1 frac=0.3919 nll_target=3.9935168474912643 acc_target=None elapsed=2740.8s
[sweep] step=391/498 control=random seed=2 frac=0.3919 nll_target=3.7419296205043793 acc_target=None elapsed=2742.9s
[sweep] step=392/498 control=low seed=None frac=0.3929 nll_target=0.9508788473904133 acc_target=None elapsed=2745.1s
[sweep] step=392/498 control=random seed=0 frac=0.3929 nll_target=10.597525835037231 acc_target=None elapsed=2747.3s
[sweep] step=392/498 control=random seed=1 frac=0.3929 nll_target=4.007097452878952 acc_target=None elapsed=2749.3s
[sweep] step=392/498 control=random seed=2 frac=0.3929 nll_target=3.7951966524124146 acc_target=None elapsed=2751.6s
[sweep] step=393/498 control=low seed=None frac=0.3939 nll_target=0.9575163312256336 acc_target=None elapsed=2753.7s
[sweep] step=393/498 control=random seed=0 frac=0.3939 nll_target=10.348041355609894 acc_target=None elapsed=2755.9s
[sweep] step=393/498 control=random seed=1 frac=0.3939 nll_target=4.019509926438332 acc_target=None elapsed=2758.0s
[sweep] step=393/498 control=random seed=2 frac=0.3939 nll_target=3.820263758301735 acc_target=None elapsed=2760.2s
[sweep] step=394/498 control=low seed=None frac=0.3949 nll_target=0.9605164229869843 acc_target=None elapsed=2762.3s
[sweep] step=394/498 control=random seed=0 frac=0.3949 nll_target=10.556638479232788 acc_target=None elapsed=2764.5s
[sweep] step=394/498 control=random seed=1 frac=0.3949 nll_target=4.0591039806604385 acc_target=None elapsed=2766.5s
[sweep] step=394/498 control=random seed=2 frac=0.3949 nll_target=3.8224257677793503 acc_target=None elapsed=2768.5s
[sweep] step=395/498 control=low seed=None frac=0.3959 nll_target=0.9628546498715878 acc_target=None elapsed=2770.6s
[sweep] step=395/498 control=random seed=0 frac=0.3959 nll_target=10.474486589431763 acc_target=None elapsed=2772.8s
[sweep] step=395/498 control=random seed=1 frac=0.3959 nll_target=4.072303384542465 acc_target=None elapsed=2774.9s
[sweep] step=395/498 control=random seed=2 frac=0.3959 nll_target=3.862081006169319 acc_target=None elapsed=2776.9s
[sweep] step=396/498 control=low seed=None frac=0.3969 nll_target=0.9604231677949429 acc_target=None elapsed=2778.9s
[sweep] step=396/498 control=random seed=0 frac=0.3969 nll_target=10.506889283657074 acc_target=None elapsed=2781.0s
[sweep] step=396/498 control=random seed=1 frac=0.3969 nll_target=4.058996096253395 acc_target=None elapsed=2783.1s
[sweep] step=396/498 control=random seed=2 frac=0.3969 nll_target=3.8684213757514954 acc_target=None elapsed=2785.3s
[sweep] step=397/498 control=low seed=None frac=0.3979 nll_target=0.9533350802958012 acc_target=None elapsed=2787.2s
[sweep] step=397/498 control=random seed=0 frac=0.3979 nll_target=10.579174935817719 acc_target=None elapsed=2789.3s
[sweep] step=397/498 control=random seed=1 frac=0.3979 nll_target=4.07208426296711 acc_target=None elapsed=2791.5s
[sweep] step=397/498 control=random seed=2 frac=0.3979 nll_target=3.890186160802841 acc_target=None elapsed=2793.5s
[sweep] step=398/498 control=low seed=None frac=0.3989 nll_target=0.9489029124379158 acc_target=None elapsed=2795.6s
[sweep] step=398/498 control=random seed=0 frac=0.3989 nll_target=10.696775436401367 acc_target=None elapsed=2797.6s
[sweep] step=398/498 control=random seed=1 frac=0.3989 nll_target=4.147407576441765 acc_target=None elapsed=2799.8s
[sweep] step=398/498 control=random seed=2 frac=0.3989 nll_target=3.9263842552900314 acc_target=None elapsed=2801.9s
[sweep] step=399/498 control=low seed=None frac=0.3999 nll_target=0.9577048793435097 acc_target=None elapsed=2803.9s
[sweep] step=399/498 control=random seed=0 frac=0.3999 nll_target=10.75833374261856 acc_target=None elapsed=2806.0s
[sweep] step=399/498 control=random seed=1 frac=0.3999 nll_target=4.173159569501877 acc_target=None elapsed=2808.0s
[sweep] step=399/498 control=random seed=2 frac=0.3999 nll_target=3.959964409470558 acc_target=None elapsed=2810.1s
[sweep] step=400/498 control=low seed=None frac=0.4009 nll_target=0.955737765878439 acc_target=0.3125 elapsed=2859.0s
[sweep] step=400/498 control=random seed=0 frac=0.4009 nll_target=10.745704054832458 acc_target=0.0 elapsed=2924.0s
[sweep] step=400/498 control=random seed=1 frac=0.4009 nll_target=4.204586014151573 acc_target=0.0 elapsed=2970.4s
[sweep] step=400/498 control=random seed=2 frac=0.4009 nll_target=3.9591976404190063 acc_target=0.0 elapsed=3051.2s
[sweep] step=401/498 control=low seed=None frac=0.4019 nll_target=0.9558718502521515 acc_target=None elapsed=3052.2s
[sweep] step=401/498 control=random seed=0 frac=0.4019 nll_target=10.582744359970093 acc_target=None elapsed=3053.2s
[sweep] step=401/498 control=random seed=1 frac=0.4019 nll_target=4.157316207885742 acc_target=None elapsed=3054.2s
[sweep] step=401/498 control=random seed=2 frac=0.4019 nll_target=3.972509980201721 acc_target=None elapsed=3055.2s
[sweep] step=402/498 control=low seed=None frac=0.4029 nll_target=0.9583587348461151 acc_target=None elapsed=3056.1s
[sweep] step=402/498 control=random seed=0 frac=0.4029 nll_target=10.65459418296814 acc_target=None elapsed=3057.1s
[sweep] step=402/498 control=random seed=1 frac=0.4029 nll_target=4.181449845433235 acc_target=None elapsed=3058.2s
[sweep] step=402/498 control=random seed=2 frac=0.4029 nll_target=4.160724371671677 acc_target=None elapsed=3059.1s
[sweep] step=403/498 control=low seed=None frac=0.4039 nll_target=0.9595887437462807 acc_target=None elapsed=3060.1s
[sweep] step=403/498 control=random seed=0 frac=0.4039 nll_target=10.649433016777039 acc_target=None elapsed=3061.1s
[sweep] step=403/498 control=random seed=1 frac=0.4039 nll_target=4.235418319702148 acc_target=None elapsed=3062.0s
[sweep] step=403/498 control=random seed=2 frac=0.4039 nll_target=4.146465361118317 acc_target=None elapsed=3063.0s
[sweep] step=404/498 control=low seed=None frac=0.4049 nll_target=0.9634263888001442 acc_target=None elapsed=3064.0s
[sweep] step=404/498 control=random seed=0 frac=0.4049 nll_target=10.731765508651733 acc_target=None elapsed=3065.0s
[sweep] step=404/498 control=random seed=1 frac=0.4049 nll_target=4.228466868400574 acc_target=None elapsed=3066.0s
[sweep] step=404/498 control=random seed=2 frac=0.4049 nll_target=4.151430755853653 acc_target=None elapsed=3066.9s
[sweep] step=405/498 control=low seed=None frac=0.4059 nll_target=0.959699522703886 acc_target=None elapsed=3067.9s
[sweep] step=405/498 control=random seed=0 frac=0.4059 nll_target=10.914516389369965 acc_target=None elapsed=3068.9s
[sweep] step=405/498 control=random seed=1 frac=0.4059 nll_target=4.23001654446125 acc_target=None elapsed=3069.9s
[sweep] step=405/498 control=random seed=2 frac=0.4059 nll_target=4.179361641407013 acc_target=None elapsed=3070.8s
[sweep] step=406/498 control=low seed=None frac=0.4069 nll_target=0.9700443148612976 acc_target=None elapsed=3071.8s
[sweep] step=406/498 control=random seed=0 frac=0.4069 nll_target=10.88812106847763 acc_target=None elapsed=3072.8s
[sweep] step=406/498 control=random seed=1 frac=0.4069 nll_target=4.227136611938477 acc_target=None elapsed=3073.8s
[sweep] step=406/498 control=random seed=2 frac=0.4069 nll_target=4.2059700936079025 acc_target=None elapsed=3074.7s
[sweep] step=407/498 control=low seed=None frac=0.4079 nll_target=0.9660748839378357 acc_target=None elapsed=3075.7s
[sweep] step=407/498 control=random seed=0 frac=0.4079 nll_target=10.857700228691101 acc_target=None elapsed=3076.7s
[sweep] step=407/498 control=random seed=1 frac=0.4079 nll_target=4.233800157904625 acc_target=None elapsed=3077.6s
[sweep] step=407/498 control=random seed=2 frac=0.4079 nll_target=4.207048445940018 acc_target=None elapsed=3078.6s
[sweep] step=408/498 control=low seed=None frac=0.4089 nll_target=0.9662531688809395 acc_target=None elapsed=3079.6s
[sweep] step=408/498 control=random seed=0 frac=0.4089 nll_target=11.336080491542816 acc_target=None elapsed=3080.6s
[sweep] step=408/498 control=random seed=1 frac=0.4089 nll_target=4.229342818260193 acc_target=None elapsed=3081.5s
[sweep] step=408/498 control=random seed=2 frac=0.4089 nll_target=4.203757002949715 acc_target=None elapsed=3082.5s
[sweep] step=409/498 control=low seed=None frac=0.4099 nll_target=0.960782490670681 acc_target=None elapsed=3083.5s
[sweep] step=409/498 control=random seed=0 frac=0.4099 nll_target=11.18723851442337 acc_target=None elapsed=3084.5s
[sweep] step=409/498 control=random seed=1 frac=0.4099 nll_target=4.22151742875576 acc_target=None elapsed=3085.4s
[sweep] step=409/498 control=random seed=2 frac=0.4099 nll_target=4.17489193379879 acc_target=None elapsed=3086.4s
[sweep] step=410/498 control=low seed=None frac=0.4109 nll_target=0.9564617909491062 acc_target=None elapsed=3087.4s
[sweep] step=410/498 control=random seed=0 frac=0.4109 nll_target=11.01623785495758 acc_target=None elapsed=3088.4s
[sweep] step=410/498 control=random seed=1 frac=0.4109 nll_target=4.23839208483696 acc_target=None elapsed=3089.3s
[sweep] step=410/498 control=random seed=2 frac=0.4109 nll_target=4.194014996290207 acc_target=None elapsed=3090.3s
[sweep] step=411/498 control=low seed=None frac=0.4119 nll_target=0.9576626755297184 acc_target=None elapsed=3091.2s
[sweep] step=411/498 control=random seed=0 frac=0.4119 nll_target=10.924326658248901 acc_target=None elapsed=3092.2s
[sweep] step=411/498 control=random seed=1 frac=0.4119 nll_target=4.253344625234604 acc_target=None elapsed=3093.2s
[sweep] step=411/498 control=random seed=2 frac=0.4119 nll_target=4.236520931124687 acc_target=None elapsed=3094.2s
[sweep] step=412/498 control=low seed=None frac=0.4129 nll_target=0.9563720971345901 acc_target=None elapsed=3095.2s
[sweep] step=412/498 control=random seed=0 frac=0.4129 nll_target=11.129562497138977 acc_target=None elapsed=3096.1s
[sweep] step=412/498 control=random seed=1 frac=0.4129 nll_target=4.250161424279213 acc_target=None elapsed=3097.1s
[sweep] step=412/498 control=random seed=2 frac=0.4129 nll_target=4.241926908493042 acc_target=None elapsed=3098.1s
[sweep] step=413/498 control=low seed=None frac=0.4139 nll_target=0.9686341546475887 acc_target=None elapsed=3099.1s
[sweep] step=413/498 control=random seed=0 frac=0.4139 nll_target=11.049638986587524 acc_target=None elapsed=3100.0s
[sweep] step=413/498 control=random seed=1 frac=0.4139 nll_target=4.248735934495926 acc_target=None elapsed=3101.0s
[sweep] step=413/498 control=random seed=2 frac=0.4139 nll_target=4.3010366559028625 acc_target=None elapsed=3101.9s
[sweep] step=414/498 control=low seed=None frac=0.4149 nll_target=0.9671475142240524 acc_target=None elapsed=3102.9s
[sweep] step=414/498 control=random seed=0 frac=0.4149 nll_target=11.01663476228714 acc_target=None elapsed=3103.9s
[sweep] step=414/498 control=random seed=1 frac=0.4149 nll_target=4.263373672962189 acc_target=None elapsed=3104.9s
[sweep] step=414/498 control=random seed=2 frac=0.4149 nll_target=4.313146248459816 acc_target=None elapsed=3105.9s
[sweep] step=415/498 control=low seed=None frac=0.4159 nll_target=0.9703170321881771 acc_target=None elapsed=3106.8s
[sweep] step=415/498 control=random seed=0 frac=0.4159 nll_target=11.085317969322205 acc_target=None elapsed=3107.8s
[sweep] step=415/498 control=random seed=1 frac=0.4159 nll_target=4.267750546336174 acc_target=None elapsed=3108.8s
[sweep] step=415/498 control=random seed=2 frac=0.4159 nll_target=4.303046882152557 acc_target=None elapsed=3109.8s
[sweep] step=416/498 control=low seed=None frac=0.4169 nll_target=0.9736582860350609 acc_target=None elapsed=3110.7s
[sweep] step=416/498 control=random seed=0 frac=0.4169 nll_target=11.032358705997467 acc_target=None elapsed=3111.7s
[sweep] step=416/498 control=random seed=1 frac=0.4169 nll_target=4.2765185087919235 acc_target=None elapsed=3112.7s
[sweep] step=416/498 control=random seed=2 frac=0.4169 nll_target=4.284473940730095 acc_target=None elapsed=3113.6s
[sweep] step=417/498 control=low seed=None frac=0.4179 nll_target=0.9741624109447002 acc_target=None elapsed=3114.6s
[sweep] step=417/498 control=random seed=0 frac=0.4179 nll_target=11.035380125045776 acc_target=None elapsed=3115.5s
[sweep] step=417/498 control=random seed=1 frac=0.4179 nll_target=4.327951997518539 acc_target=None elapsed=3116.5s
[sweep] step=417/498 control=random seed=2 frac=0.4179 nll_target=4.270022287964821 acc_target=None elapsed=3117.4s
[sweep] step=418/498 control=low seed=None frac=0.4189 nll_target=0.9778514541685581 acc_target=None elapsed=3118.4s
[sweep] step=418/498 control=random seed=0 frac=0.4189 nll_target=10.996680438518524 acc_target=None elapsed=3119.4s
[sweep] step=418/498 control=random seed=1 frac=0.4189 nll_target=4.387494653463364 acc_target=None elapsed=3120.4s
[sweep] step=418/498 control=random seed=2 frac=0.4189 nll_target=4.271033674478531 acc_target=None elapsed=3121.3s
[sweep] step=419/498 control=low seed=None frac=0.4199 nll_target=0.9694601632654667 acc_target=None elapsed=3122.3s
[sweep] step=419/498 control=random seed=0 frac=0.4199 nll_target=10.948953628540039 acc_target=None elapsed=3123.2s
[sweep] step=419/498 control=random seed=1 frac=0.4199 nll_target=4.409934490919113 acc_target=None elapsed=3124.2s
[sweep] step=419/498 control=random seed=2 frac=0.4199 nll_target=4.302797317504883 acc_target=None elapsed=3125.1s
[sweep] step=420/498 control=low seed=None frac=0.4209 nll_target=0.969170693308115 acc_target=None elapsed=3126.1s
[sweep] step=420/498 control=random seed=0 frac=0.4209 nll_target=11.12171059846878 acc_target=None elapsed=3127.1s
[sweep] step=420/498 control=random seed=1 frac=0.4209 nll_target=4.4418477565050125 acc_target=None elapsed=3128.0s
[sweep] step=420/498 control=random seed=2 frac=0.4209 nll_target=4.326751172542572 acc_target=None elapsed=3129.0s
[sweep] step=421/498 control=low seed=None frac=0.4220 nll_target=0.9706957750022411 acc_target=None elapsed=3130.0s
[sweep] step=421/498 control=random seed=0 frac=0.4220 nll_target=11.17086547613144 acc_target=None elapsed=3131.0s
[sweep] step=421/498 control=random seed=1 frac=0.4220 nll_target=4.459036320447922 acc_target=None elapsed=3131.9s
[sweep] step=421/498 control=random seed=2 frac=0.4220 nll_target=4.280777469277382 acc_target=None elapsed=3132.9s
[sweep] step=422/498 control=low seed=None frac=0.4230 nll_target=0.9734559543430805 acc_target=None elapsed=3133.8s
[sweep] step=422/498 control=random seed=0 frac=0.4230 nll_target=11.185499906539917 acc_target=None elapsed=3134.8s
[sweep] step=422/498 control=random seed=1 frac=0.4230 nll_target=4.469415575265884 acc_target=None elapsed=3135.9s
[sweep] step=422/498 control=random seed=2 frac=0.4230 nll_target=4.344857290387154 acc_target=None elapsed=3136.9s
[sweep] step=423/498 control=low seed=None frac=0.4240 nll_target=0.966737225651741 acc_target=None elapsed=3137.9s
[sweep] step=423/498 control=random seed=0 frac=0.4240 nll_target=11.144601583480835 acc_target=None elapsed=3138.8s
[sweep] step=423/498 control=random seed=1 frac=0.4240 nll_target=4.496802404522896 acc_target=None elapsed=3139.8s
[sweep] step=423/498 control=random seed=2 frac=0.4240 nll_target=4.348039090633392 acc_target=None elapsed=3140.8s
[sweep] step=424/498 control=low seed=None frac=0.4250 nll_target=0.9703813530504704 acc_target=None elapsed=3141.8s
[sweep] step=424/498 control=random seed=0 frac=0.4250 nll_target=11.040175974369049 acc_target=None elapsed=3142.7s
[sweep] step=424/498 control=random seed=1 frac=0.4250 nll_target=4.518772274255753 acc_target=None elapsed=3143.7s
[sweep] step=424/498 control=random seed=2 frac=0.4250 nll_target=4.355533912777901 acc_target=None elapsed=3144.7s
[sweep] step=425/498 control=low seed=None frac=0.4260 nll_target=0.9721157811582088 acc_target=None elapsed=3145.7s
[sweep] step=425/498 control=random seed=0 frac=0.4260 nll_target=11.14959853887558 acc_target=None elapsed=3146.6s
[sweep] step=425/498 control=random seed=1 frac=0.4260 nll_target=4.520405158400536 acc_target=None elapsed=3147.6s
[sweep] step=425/498 control=random seed=2 frac=0.4260 nll_target=4.381945535540581 acc_target=None elapsed=3148.6s
[sweep] step=426/498 control=low seed=None frac=0.4270 nll_target=0.9777828641235828 acc_target=None elapsed=3149.5s
[sweep] step=426/498 control=random seed=0 frac=0.4270 nll_target=11.05203366279602 acc_target=None elapsed=3150.5s
[sweep] step=426/498 control=random seed=1 frac=0.4270 nll_target=4.550594463944435 acc_target=None elapsed=3151.5s
[sweep] step=426/498 control=random seed=2 frac=0.4270 nll_target=4.364568576216698 acc_target=None elapsed=3152.4s
[sweep] step=427/498 control=low seed=None frac=0.4280 nll_target=0.9728927314281464 acc_target=None elapsed=3153.4s
[sweep] step=427/498 control=random seed=0 frac=0.4280 nll_target=11.073317766189575 acc_target=None elapsed=3154.4s
[sweep] step=427/498 control=random seed=1 frac=0.4280 nll_target=4.5876200050115585 acc_target=None elapsed=3155.3s
[sweep] step=427/498 control=random seed=2 frac=0.4280 nll_target=4.367769733071327 acc_target=None elapsed=3156.3s
[sweep] step=428/498 control=low seed=None frac=0.4290 nll_target=0.976423591375351 acc_target=None elapsed=3157.3s
[sweep] step=428/498 control=random seed=0 frac=0.4290 nll_target=11.123498976230621 acc_target=None elapsed=3158.2s
[sweep] step=428/498 control=random seed=1 frac=0.4290 nll_target=4.592093676328659 acc_target=None elapsed=3159.2s
[sweep] step=428/498 control=random seed=2 frac=0.4290 nll_target=4.3883785754442215 acc_target=None elapsed=3160.2s
[sweep] step=429/498 control=low seed=None frac=0.4300 nll_target=0.9770582690834999 acc_target=None elapsed=3161.1s
[sweep] step=429/498 control=random seed=0 frac=0.4300 nll_target=11.29210764169693 acc_target=None elapsed=3162.1s
[sweep] step=429/498 control=random seed=1 frac=0.4300 nll_target=4.567727833986282 acc_target=None elapsed=3163.1s
[sweep] step=429/498 control=random seed=2 frac=0.4300 nll_target=4.438890174031258 acc_target=None elapsed=3164.0s
[sweep] step=430/498 control=low seed=None frac=0.4310 nll_target=0.983947578817606 acc_target=None elapsed=3165.0s
[sweep] step=430/498 control=random seed=0 frac=0.4310 nll_target=11.103762984275818 acc_target=None elapsed=3165.9s
[sweep] step=430/498 control=random seed=1 frac=0.4310 nll_target=4.572038725018501 acc_target=None elapsed=3166.9s
[sweep] step=430/498 control=random seed=2 frac=0.4310 nll_target=4.43813544511795 acc_target=None elapsed=3167.8s
[sweep] step=431/498 control=low seed=None frac=0.4320 nll_target=0.9912125915288925 acc_target=None elapsed=3168.8s
[sweep] step=431/498 control=random seed=0 frac=0.4320 nll_target=11.284477651119232 acc_target=None elapsed=3169.7s
[sweep] step=431/498 control=random seed=1 frac=0.4320 nll_target=4.537742346525192 acc_target=None elapsed=3170.7s
[sweep] step=431/498 control=random seed=2 frac=0.4320 nll_target=4.461338624358177 acc_target=None elapsed=3171.6s
[sweep] step=432/498 control=low seed=None frac=0.4330 nll_target=0.9856175445020199 acc_target=None elapsed=3172.7s
[sweep] step=432/498 control=random seed=0 frac=0.4330 nll_target=11.435180902481079 acc_target=None elapsed=3173.6s
[sweep] step=432/498 control=random seed=1 frac=0.4330 nll_target=4.555631101131439 acc_target=None elapsed=3174.6s
[sweep] step=432/498 control=random seed=2 frac=0.4330 nll_target=4.469575271010399 acc_target=None elapsed=3175.5s
[sweep] step=433/498 control=low seed=None frac=0.4340 nll_target=0.9877480305731297 acc_target=None elapsed=3176.5s
[sweep] step=433/498 control=random seed=0 frac=0.4340 nll_target=11.303359150886536 acc_target=None elapsed=3177.5s
[sweep] step=433/498 control=random seed=1 frac=0.4340 nll_target=4.53393991291523 acc_target=None elapsed=3178.4s
[sweep] step=433/498 control=random seed=2 frac=0.4340 nll_target=4.481811195611954 acc_target=None elapsed=3179.4s
[sweep] step=434/498 control=low seed=None frac=0.4350 nll_target=0.9915077798068523 acc_target=None elapsed=3180.4s
[sweep] step=434/498 control=random seed=0 frac=0.4350 nll_target=11.259068191051483 acc_target=None elapsed=3181.3s
[sweep] step=434/498 control=random seed=1 frac=0.4350 nll_target=4.553400918841362 acc_target=None elapsed=3182.3s
[sweep] step=434/498 control=random seed=2 frac=0.4350 nll_target=4.498542487621307 acc_target=None elapsed=3183.3s
[sweep] step=435/498 control=low seed=None frac=0.4360 nll_target=0.993205051869154 acc_target=None elapsed=3184.2s
[sweep] step=435/498 control=random seed=0 frac=0.4360 nll_target=11.191919982433319 acc_target=None elapsed=3185.2s
[sweep] step=435/498 control=random seed=1 frac=0.4360 nll_target=4.536759153008461 acc_target=None elapsed=3186.1s
[sweep] step=435/498 control=random seed=2 frac=0.4360 nll_target=4.505142048001289 acc_target=None elapsed=3187.1s
[sweep] step=436/498 control=low seed=None frac=0.4370 nll_target=0.9947629682719707 acc_target=None elapsed=3188.1s
[sweep] step=436/498 control=random seed=0 frac=0.4370 nll_target=11.321081936359406 acc_target=None elapsed=3189.0s
[sweep] step=436/498 control=random seed=1 frac=0.4370 nll_target=4.511970818042755 acc_target=None elapsed=3190.0s
[sweep] step=436/498 control=random seed=2 frac=0.4370 nll_target=4.5077807158231735 acc_target=None elapsed=3191.0s
[sweep] step=437/498 control=low seed=None frac=0.4380 nll_target=1.0086545906960964 acc_target=None elapsed=3192.0s
[sweep] step=437/498 control=random seed=0 frac=0.4380 nll_target=11.446824193000793 acc_target=None elapsed=3192.9s
[sweep] step=437/498 control=random seed=1 frac=0.4380 nll_target=4.504707515239716 acc_target=None elapsed=3193.9s
[sweep] step=437/498 control=random seed=2 frac=0.4380 nll_target=4.475015833973885 acc_target=None elapsed=3194.9s
[sweep] step=438/498 control=low seed=None frac=0.4390 nll_target=1.0149442553520203 acc_target=None elapsed=3195.8s
[sweep] step=438/498 control=random seed=0 frac=0.4390 nll_target=11.622211575508118 acc_target=None elapsed=3196.8s
[sweep] step=438/498 control=random seed=1 frac=0.4390 nll_target=4.502941891551018 acc_target=None elapsed=3197.7s
[sweep] step=438/498 control=random seed=2 frac=0.4390 nll_target=4.51522122323513 acc_target=None elapsed=3198.7s
[sweep] step=439/498 control=low seed=None frac=0.4400 nll_target=1.0221654772758484 acc_target=None elapsed=3199.7s
[sweep] step=439/498 control=random seed=0 frac=0.4400 nll_target=11.630322635173798 acc_target=None elapsed=3200.6s
[sweep] step=439/498 control=random seed=1 frac=0.4400 nll_target=4.518409505486488 acc_target=None elapsed=3201.6s
[sweep] step=439/498 control=random seed=2 frac=0.4400 nll_target=4.600626587867737 acc_target=None elapsed=3202.6s
[sweep] step=440/498 control=low seed=None frac=0.4410 nll_target=1.0229138657450676 acc_target=None elapsed=3203.5s
[sweep] step=440/498 control=random seed=0 frac=0.4410 nll_target=11.783313691616058 acc_target=None elapsed=3204.5s
[sweep] step=440/498 control=random seed=1 frac=0.4410 nll_target=4.528077930212021 acc_target=None elapsed=3205.4s
[sweep] step=440/498 control=random seed=2 frac=0.4410 nll_target=4.670418426394463 acc_target=None elapsed=3206.4s
[sweep] step=441/498 control=low seed=None frac=0.4420 nll_target=1.0231785848736763 acc_target=None elapsed=3207.4s
[sweep] step=441/498 control=random seed=0 frac=0.4420 nll_target=11.876691699028015 acc_target=None elapsed=3208.4s
[sweep] step=441/498 control=random seed=1 frac=0.4420 nll_target=4.541798308491707 acc_target=None elapsed=3209.4s
[sweep] step=441/498 control=random seed=2 frac=0.4420 nll_target=4.686813682317734 acc_target=None elapsed=3210.4s
[sweep] step=442/498 control=low seed=None frac=0.4430 nll_target=1.0277898646891117 acc_target=None elapsed=3211.3s
[sweep] step=442/498 control=random seed=0 frac=0.4430 nll_target=12.04119199514389 acc_target=None elapsed=3212.4s
[sweep] step=442/498 control=random seed=1 frac=0.4430 nll_target=4.460910648107529 acc_target=None elapsed=3213.4s
[sweep] step=442/498 control=random seed=2 frac=0.4430 nll_target=4.656274363398552 acc_target=None elapsed=3214.4s
[sweep] step=443/498 control=low seed=None frac=0.4440 nll_target=1.0277722291648388 acc_target=None elapsed=3215.4s
[sweep] step=443/498 control=random seed=0 frac=0.4440 nll_target=12.024476766586304 acc_target=None elapsed=3216.4s
[sweep] step=443/498 control=random seed=1 frac=0.4440 nll_target=4.45489801466465 acc_target=None elapsed=3217.4s
[sweep] step=443/498 control=random seed=2 frac=0.4440 nll_target=4.661937117576599 acc_target=None elapsed=3218.3s
[sweep] step=444/498 control=low seed=None frac=0.4450 nll_target=1.0270783826708794 acc_target=None elapsed=3219.3s
[sweep] step=444/498 control=random seed=0 frac=0.4450 nll_target=12.026902556419373 acc_target=None elapsed=3220.3s
[sweep] step=444/498 control=random seed=1 frac=0.4450 nll_target=4.468178763985634 acc_target=None elapsed=3221.2s
[sweep] step=444/498 control=random seed=2 frac=0.4450 nll_target=4.660267025232315 acc_target=None elapsed=3222.2s
[sweep] step=445/498 control=low seed=None frac=0.4460 nll_target=1.029577910900116 acc_target=None elapsed=3223.2s
[sweep] step=445/498 control=random seed=0 frac=0.4460 nll_target=11.826305568218231 acc_target=None elapsed=3224.1s
[sweep] step=445/498 control=random seed=1 frac=0.4460 nll_target=4.443854659795761 acc_target=None elapsed=3225.1s
[sweep] step=445/498 control=random seed=2 frac=0.4460 nll_target=4.654065445065498 acc_target=None elapsed=3226.1s
[sweep] step=446/498 control=low seed=None frac=0.4470 nll_target=1.0345007255673409 acc_target=None elapsed=3227.1s
[sweep] step=446/498 control=random seed=0 frac=0.4470 nll_target=11.689974188804626 acc_target=None elapsed=3228.1s
[sweep] step=446/498 control=random seed=1 frac=0.4470 nll_target=4.451771393418312 acc_target=None elapsed=3229.1s
[sweep] step=446/498 control=random seed=2 frac=0.4470 nll_target=4.661507800221443 acc_target=None elapsed=3230.0s
[sweep] step=447/498 control=low seed=None frac=0.4480 nll_target=1.0391142889857292 acc_target=None elapsed=3231.0s
[sweep] step=447/498 control=random seed=0 frac=0.4480 nll_target=11.603750944137573 acc_target=None elapsed=3232.0s
[sweep] step=447/498 control=random seed=1 frac=0.4480 nll_target=4.457632586359978 acc_target=None elapsed=3232.9s
[sweep] step=447/498 control=random seed=2 frac=0.4480 nll_target=4.664756923913956 acc_target=None elapsed=3233.9s
[sweep] step=448/498 control=low seed=None frac=0.4490 nll_target=1.0360720232129097 acc_target=None elapsed=3234.9s
[sweep] step=448/498 control=random seed=0 frac=0.4490 nll_target=11.530626058578491 acc_target=None elapsed=3235.9s
[sweep] step=448/498 control=random seed=1 frac=0.4490 nll_target=4.47298689186573 acc_target=None elapsed=3236.9s
[sweep] step=448/498 control=random seed=2 frac=0.4490 nll_target=4.720775842666626 acc_target=None elapsed=3237.8s
[sweep] step=449/498 control=low seed=None frac=0.4500 nll_target=1.0437434241175652 acc_target=None elapsed=3238.8s
[sweep] step=449/498 control=random seed=0 frac=0.4500 nll_target=11.531924188137054 acc_target=None elapsed=3239.8s
[sweep] step=449/498 control=random seed=1 frac=0.4500 nll_target=4.498676121234894 acc_target=None elapsed=3240.7s
[sweep] step=449/498 control=random seed=2 frac=0.4500 nll_target=4.741892576217651 acc_target=None elapsed=3241.7s
[sweep] step=450/498 control=low seed=None frac=0.4510 nll_target=1.0404260158538818 acc_target=0.25 elapsed=3278.9s
[sweep] step=450/498 control=random seed=0 frac=0.4510 nll_target=11.541717112064362 acc_target=0.0 elapsed=3336.8s
[sweep] step=450/498 control=random seed=1 frac=0.4510 nll_target=4.528653100132942 acc_target=0.0 elapsed=3357.4s
[sweep] step=450/498 control=random seed=2 frac=0.4510 nll_target=4.760269790887833 acc_target=0.0 elapsed=3406.3s
[sweep] step=451/498 control=low seed=None frac=0.4520 nll_target=1.0460388772189617 acc_target=None elapsed=3407.3s
[sweep] step=451/498 control=random seed=0 frac=0.4520 nll_target=11.535528361797333 acc_target=None elapsed=3408.3s
[sweep] step=451/498 control=random seed=1 frac=0.4520 nll_target=4.543560341000557 acc_target=None elapsed=3409.3s
[sweep] step=451/498 control=random seed=2 frac=0.4520 nll_target=4.7656378000974655 acc_target=None elapsed=3410.2s
[sweep] step=452/498 control=low seed=None frac=0.4530 nll_target=1.038927748799324 acc_target=None elapsed=3411.2s
[sweep] step=452/498 control=random seed=0 frac=0.4530 nll_target=11.791134119033813 acc_target=None elapsed=3412.2s
[sweep] step=452/498 control=random seed=1 frac=0.4530 nll_target=4.580417454242706 acc_target=None elapsed=3413.2s
[sweep] step=452/498 control=random seed=2 frac=0.4530 nll_target=4.7757072150707245 acc_target=None elapsed=3414.1s
[sweep] step=453/498 control=low seed=None frac=0.4540 nll_target=1.0476575903594494 acc_target=None elapsed=3415.1s
[sweep] step=453/498 control=random seed=0 frac=0.4540 nll_target=11.657059788703918 acc_target=None elapsed=3416.1s
[sweep] step=453/498 control=random seed=1 frac=0.4540 nll_target=4.5945198982954025 acc_target=None elapsed=3417.0s
[sweep] step=453/498 control=random seed=2 frac=0.4540 nll_target=4.768590196967125 acc_target=None elapsed=3418.0s
[sweep] step=454/498 control=low seed=None frac=0.4550 nll_target=1.0580990612506866 acc_target=None elapsed=3418.9s
[sweep] step=454/498 control=random seed=0 frac=0.4550 nll_target=11.75182318687439 acc_target=None elapsed=3419.9s
[sweep] step=454/498 control=random seed=1 frac=0.4550 nll_target=4.641596347093582 acc_target=None elapsed=3420.8s
[sweep] step=454/498 control=random seed=2 frac=0.4550 nll_target=4.800151452422142 acc_target=None elapsed=3421.8s
[sweep] step=455/498 control=low seed=None frac=0.4560 nll_target=1.0653714165091515 acc_target=None elapsed=3422.7s
[sweep] step=455/498 control=random seed=0 frac=0.4560 nll_target=11.797179996967316 acc_target=None elapsed=3423.7s
[sweep] step=455/498 control=random seed=1 frac=0.4560 nll_target=4.643176302313805 acc_target=None elapsed=3424.7s
[sweep] step=455/498 control=random seed=2 frac=0.4560 nll_target=4.794463500380516 acc_target=None elapsed=3425.7s
[sweep] step=456/498 control=low seed=None frac=0.4570 nll_target=1.0684320330619812 acc_target=None elapsed=3426.6s
[sweep] step=456/498 control=random seed=0 frac=0.4570 nll_target=11.524793267250061 acc_target=None elapsed=3427.6s
[sweep] step=456/498 control=random seed=1 frac=0.4570 nll_target=4.560108155012131 acc_target=None elapsed=3428.5s
[sweep] step=456/498 control=random seed=2 frac=0.4570 nll_target=4.8091593235731125 acc_target=None elapsed=3429.5s
[sweep] step=457/498 control=low seed=None frac=0.4580 nll_target=1.0731478184461594 acc_target=None elapsed=3430.5s
[sweep] step=457/498 control=random seed=0 frac=0.4580 nll_target=11.607495367527008 acc_target=None elapsed=3431.5s
[sweep] step=457/498 control=random seed=1 frac=0.4580 nll_target=4.587452977895737 acc_target=None elapsed=3432.4s
[sweep] step=457/498 control=random seed=2 frac=0.4580 nll_target=4.815468415617943 acc_target=None elapsed=3433.4s
[sweep] step=458/498 control=low seed=None frac=0.4590 nll_target=1.0689358673989773 acc_target=None elapsed=3434.4s
[sweep] step=458/498 control=random seed=0 frac=0.4590 nll_target=11.550252854824066 acc_target=None elapsed=3435.4s
[sweep] step=458/498 control=random seed=1 frac=0.4590 nll_target=4.579097792506218 acc_target=None elapsed=3436.4s
[sweep] step=458/498 control=random seed=2 frac=0.4590 nll_target=4.816600456833839 acc_target=None elapsed=3437.3s
[sweep] step=459/498 control=low seed=None frac=0.4600 nll_target=1.0763359926640987 acc_target=None elapsed=3438.3s
[sweep] step=459/498 control=random seed=0 frac=0.4600 nll_target=11.708683550357819 acc_target=None elapsed=3439.3s
[sweep] step=459/498 control=random seed=1 frac=0.4600 nll_target=4.6728005558252335 acc_target=None elapsed=3440.3s
[sweep] step=459/498 control=random seed=2 frac=0.4600 nll_target=4.786247402429581 acc_target=None elapsed=3441.3s
[sweep] step=460/498 control=low seed=None frac=0.4610 nll_target=1.0868359170854092 acc_target=None elapsed=3442.3s
[sweep] step=460/498 control=random seed=0 frac=0.4610 nll_target=11.629005789756775 acc_target=None elapsed=3443.2s
[sweep] step=460/498 control=random seed=1 frac=0.4610 nll_target=4.746045634150505 acc_target=None elapsed=3444.2s
[sweep] step=460/498 control=random seed=2 frac=0.4610 nll_target=4.82348795235157 acc_target=None elapsed=3445.1s
[sweep] step=461/498 control=low seed=None frac=0.4620 nll_target=1.09036860242486 acc_target=None elapsed=3446.1s
[sweep] step=461/498 control=random seed=0 frac=0.4620 nll_target=11.998621940612793 acc_target=None elapsed=3447.0s
[sweep] step=461/498 control=random seed=1 frac=0.4620 nll_target=4.756750151515007 acc_target=None elapsed=3448.0s
[sweep] step=461/498 control=random seed=2 frac=0.4620 nll_target=4.813659623265266 acc_target=None elapsed=3448.9s
[sweep] step=462/498 control=low seed=None frac=0.4630 nll_target=1.0919511765241623 acc_target=None elapsed=3449.9s
[sweep] step=462/498 control=random seed=0 frac=0.4630 nll_target=11.875117242336273 acc_target=None elapsed=3450.9s
[sweep] step=462/498 control=random seed=1 frac=0.4630 nll_target=4.789851099252701 acc_target=None elapsed=3451.9s
[sweep] step=462/498 control=random seed=2 frac=0.4630 nll_target=4.822943329811096 acc_target=None elapsed=3452.8s
[sweep] step=463/498 control=low seed=None frac=0.4640 nll_target=1.0898626036942005 acc_target=None elapsed=3453.8s
[sweep] step=463/498 control=random seed=0 frac=0.4640 nll_target=11.931189477443695 acc_target=None elapsed=3454.7s
[sweep] step=463/498 control=random seed=1 frac=0.4640 nll_target=4.766274705529213 acc_target=None elapsed=3455.7s
[sweep] step=463/498 control=random seed=2 frac=0.4640 nll_target=4.835930481553078 acc_target=None elapsed=3456.7s
[sweep] step=464/498 control=low seed=None frac=0.4650 nll_target=1.0891103222966194 acc_target=None elapsed=3457.6s
[sweep] step=464/498 control=random seed=0 frac=0.4650 nll_target=11.918710768222809 acc_target=None elapsed=3458.6s
[sweep] step=464/498 control=random seed=1 frac=0.4650 nll_target=4.790562137961388 acc_target=None elapsed=3459.5s
[sweep] step=464/498 control=random seed=2 frac=0.4650 nll_target=4.846062615513802 acc_target=None elapsed=3460.5s
[sweep] step=465/498 control=low seed=None frac=0.4661 nll_target=1.1049092262983322 acc_target=None elapsed=3461.4s
[sweep] step=465/498 control=random seed=0 frac=0.4661 nll_target=11.73012113571167 acc_target=None elapsed=3462.4s
[sweep] step=465/498 control=random seed=1 frac=0.4661 nll_target=4.820912837982178 acc_target=None elapsed=3463.3s
[sweep] step=465/498 control=random seed=2 frac=0.4661 nll_target=4.858227953314781 acc_target=None elapsed=3464.3s
[sweep] step=466/498 control=low seed=None frac=0.4671 nll_target=1.110306765884161 acc_target=None elapsed=3465.2s
[sweep] step=466/498 control=random seed=0 frac=0.4671 nll_target=11.722155511379242 acc_target=None elapsed=3466.2s
[sweep] step=466/498 control=random seed=1 frac=0.4671 nll_target=4.8134685754776 acc_target=None elapsed=3467.2s
[sweep] step=466/498 control=random seed=2 frac=0.4671 nll_target=4.895803615450859 acc_target=None elapsed=3468.1s
[sweep] step=467/498 control=low seed=None frac=0.4681 nll_target=1.1032268665730953 acc_target=None elapsed=3469.2s
[sweep] step=467/498 control=random seed=0 frac=0.4681 nll_target=11.540340602397919 acc_target=None elapsed=3470.2s
[sweep] step=467/498 control=random seed=1 frac=0.4681 nll_target=4.842241510748863 acc_target=None elapsed=3471.3s
[sweep] step=467/498 control=random seed=2 frac=0.4681 nll_target=4.883751168847084 acc_target=None elapsed=3472.3s
[sweep] step=468/498 control=low seed=None frac=0.4691 nll_target=1.1076874509453773 acc_target=None elapsed=3473.2s
[sweep] step=468/498 control=random seed=0 frac=0.4691 nll_target=11.440147697925568 acc_target=None elapsed=3474.2s
[sweep] step=468/498 control=random seed=1 frac=0.4691 nll_target=4.855127587914467 acc_target=None elapsed=3475.2s
[sweep] step=468/498 control=random seed=2 frac=0.4691 nll_target=4.89618918299675 acc_target=None elapsed=3476.2s
[sweep] step=469/498 control=low seed=None frac=0.4701 nll_target=1.1139922477304935 acc_target=None elapsed=3477.2s
[sweep] step=469/498 control=random seed=0 frac=0.4701 nll_target=11.589437544345856 acc_target=None elapsed=3478.2s
[sweep] step=469/498 control=random seed=1 frac=0.4701 nll_target=4.884732022881508 acc_target=None elapsed=3479.2s
[sweep] step=469/498 control=random seed=2 frac=0.4701 nll_target=4.888712644577026 acc_target=None elapsed=3480.2s
[sweep] step=470/498 control=low seed=None frac=0.4711 nll_target=1.1126997731626034 acc_target=None elapsed=3481.1s
[sweep] step=470/498 control=random seed=0 frac=0.4711 nll_target=11.775879859924316 acc_target=None elapsed=3482.1s
[sweep] step=470/498 control=random seed=1 frac=0.4711 nll_target=4.902739450335503 acc_target=None elapsed=3483.2s
[sweep] step=470/498 control=random seed=2 frac=0.4711 nll_target=4.875459730625153 acc_target=None elapsed=3484.2s
[sweep] step=471/498 control=low seed=None frac=0.4721 nll_target=1.1080712005496025 acc_target=None elapsed=3485.1s
[sweep] step=471/498 control=random seed=0 frac=0.4721 nll_target=11.624517679214478 acc_target=None elapsed=3486.1s
[sweep] step=471/498 control=random seed=1 frac=0.4721 nll_target=4.913810074329376 acc_target=None elapsed=3487.1s
[sweep] step=471/498 control=random seed=2 frac=0.4721 nll_target=4.896328911185265 acc_target=None elapsed=3488.0s
[sweep] step=472/498 control=low seed=None frac=0.4731 nll_target=1.1088650561869144 acc_target=None elapsed=3489.0s
[sweep] step=472/498 control=random seed=0 frac=0.4731 nll_target=12.016384661197662 acc_target=None elapsed=3490.0s
[sweep] step=472/498 control=random seed=1 frac=0.4731 nll_target=4.914089173078537 acc_target=None elapsed=3491.1s
[sweep] step=472/498 control=random seed=2 frac=0.4731 nll_target=4.921909376978874 acc_target=None elapsed=3492.2s
[sweep] step=473/498 control=low seed=None frac=0.4741 nll_target=1.0998593904078007 acc_target=None elapsed=3493.3s
[sweep] step=473/498 control=random seed=0 frac=0.4741 nll_target=11.969469249248505 acc_target=None elapsed=3494.3s
[sweep] step=473/498 control=random seed=1 frac=0.4741 nll_target=4.909276902675629 acc_target=None elapsed=3495.4s
[sweep] step=473/498 control=random seed=2 frac=0.4741 nll_target=4.946495532989502 acc_target=None elapsed=3496.4s
[sweep] step=474/498 control=low seed=None frac=0.4751 nll_target=1.1109661050140858 acc_target=None elapsed=3497.4s
[sweep] step=474/498 control=random seed=0 frac=0.4751 nll_target=12.117670774459839 acc_target=None elapsed=3498.4s
[sweep] step=474/498 control=random seed=1 frac=0.4751 nll_target=4.934843122959137 acc_target=None elapsed=3499.4s
[sweep] step=474/498 control=random seed=2 frac=0.4751 nll_target=4.94404299557209 acc_target=None elapsed=3500.4s
[sweep] step=475/498 control=low seed=None frac=0.4761 nll_target=1.109004307538271 acc_target=None elapsed=3501.4s
[sweep] step=475/498 control=random seed=0 frac=0.4761 nll_target=11.929798364639282 acc_target=None elapsed=3502.4s
[sweep] step=475/498 control=random seed=1 frac=0.4761 nll_target=5.013001576066017 acc_target=None elapsed=3503.4s
[sweep] step=475/498 control=random seed=2 frac=0.4761 nll_target=4.974496245384216 acc_target=None elapsed=3504.4s
[sweep] step=476/498 control=low seed=None frac=0.4771 nll_target=1.1087920814752579 acc_target=None elapsed=3505.3s
[sweep] step=476/498 control=random seed=0 frac=0.4771 nll_target=11.878175139427185 acc_target=None elapsed=3506.3s
[sweep] step=476/498 control=random seed=1 frac=0.4771 nll_target=4.984609425067902 acc_target=None elapsed=3507.3s
[sweep] step=476/498 control=random seed=2 frac=0.4771 nll_target=4.987725779414177 acc_target=None elapsed=3508.3s
[sweep] step=477/498 control=low seed=None frac=0.4781 nll_target=1.0981148704886436 acc_target=None elapsed=3509.3s
[sweep] step=477/498 control=random seed=0 frac=0.4781 nll_target=12.043605506420135 acc_target=None elapsed=3510.3s
[sweep] step=477/498 control=random seed=1 frac=0.4781 nll_target=5.019336938858032 acc_target=None elapsed=3511.3s
[sweep] step=477/498 control=random seed=2 frac=0.4781 nll_target=5.025994047522545 acc_target=None elapsed=3512.3s
[sweep] step=478/498 control=low seed=None frac=0.4791 nll_target=1.1011812761425972 acc_target=None elapsed=3513.3s
[sweep] step=478/498 control=random seed=0 frac=0.4791 nll_target=11.998774826526642 acc_target=None elapsed=3514.3s
[sweep] step=478/498 control=random seed=1 frac=0.4791 nll_target=5.087987780570984 acc_target=None elapsed=3515.3s
[sweep] step=478/498 control=random seed=2 frac=0.4791 nll_target=5.045908749103546 acc_target=None elapsed=3516.3s
[sweep] step=479/498 control=low seed=None frac=0.4801 nll_target=1.0984700955450535 acc_target=None elapsed=3517.3s
[sweep] step=479/498 control=random seed=0 frac=0.4801 nll_target=12.143581926822662 acc_target=None elapsed=3518.3s
[sweep] step=479/498 control=random seed=1 frac=0.4801 nll_target=5.134709373116493 acc_target=None elapsed=3519.3s
[sweep] step=479/498 control=random seed=2 frac=0.4801 nll_target=5.083419069647789 acc_target=None elapsed=3520.4s
[sweep] step=480/498 control=low seed=None frac=0.4811 nll_target=1.1013464331626892 acc_target=None elapsed=3521.4s
[sweep] step=480/498 control=random seed=0 frac=0.4811 nll_target=11.913672268390656 acc_target=None elapsed=3522.4s
[sweep] step=480/498 control=random seed=1 frac=0.4811 nll_target=5.072747111320496 acc_target=None elapsed=3523.4s
[sweep] step=480/498 control=random seed=2 frac=0.4811 nll_target=5.070789128541946 acc_target=None elapsed=3524.4s
[sweep] step=481/498 control=low seed=None frac=0.4821 nll_target=1.1067194044589996 acc_target=None elapsed=3525.4s
[sweep] step=481/498 control=random seed=0 frac=0.4821 nll_target=11.93006557226181 acc_target=None elapsed=3526.3s
[sweep] step=481/498 control=random seed=1 frac=0.4821 nll_target=5.1182431280612946 acc_target=None elapsed=3527.4s
[sweep] step=481/498 control=random seed=2 frac=0.4821 nll_target=5.070106208324432 acc_target=None elapsed=3528.4s
[sweep] step=482/498 control=low seed=None frac=0.4831 nll_target=1.1112877242267132 acc_target=None elapsed=3529.4s
[sweep] step=482/498 control=random seed=0 frac=0.4831 nll_target=11.892034590244293 acc_target=None elapsed=3530.4s
[sweep] step=482/498 control=random seed=1 frac=0.4831 nll_target=5.170722842216492 acc_target=None elapsed=3531.4s
[sweep] step=482/498 control=random seed=2 frac=0.4831 nll_target=5.053079038858414 acc_target=None elapsed=3532.4s
[sweep] step=483/498 control=low seed=None frac=0.4841 nll_target=1.1110363118350506 acc_target=None elapsed=3533.4s
[sweep] step=483/498 control=random seed=0 frac=0.4841 nll_target=11.96080482006073 acc_target=None elapsed=3534.4s
[sweep] step=483/498 control=random seed=1 frac=0.4841 nll_target=5.211311921477318 acc_target=None elapsed=3535.4s
[sweep] step=483/498 control=random seed=2 frac=0.4841 nll_target=5.077464237809181 acc_target=None elapsed=3536.4s
[sweep] step=484/498 control=low seed=None frac=0.4851 nll_target=1.114455707371235 acc_target=None elapsed=3537.4s
[sweep] step=484/498 control=random seed=0 frac=0.4851 nll_target=12.142598986625671 acc_target=None elapsed=3538.4s
[sweep] step=484/498 control=random seed=1 frac=0.4851 nll_target=5.216378942131996 acc_target=None elapsed=3539.5s
[sweep] step=484/498 control=random seed=2 frac=0.4851 nll_target=5.1115361005067825 acc_target=None elapsed=3540.5s
[sweep] step=485/498 control=low seed=None frac=0.4861 nll_target=1.112972628325224 acc_target=None elapsed=3541.4s
[sweep] step=485/498 control=random seed=0 frac=0.4861 nll_target=11.990273416042328 acc_target=None elapsed=3542.4s
[sweep] step=485/498 control=random seed=1 frac=0.4861 nll_target=5.199299693107605 acc_target=None elapsed=3543.4s
[sweep] step=485/498 control=random seed=2 frac=0.4861 nll_target=5.17963045835495 acc_target=None elapsed=3544.4s
[sweep] step=486/498 control=low seed=None frac=0.4871 nll_target=1.1171826645731926 acc_target=None elapsed=3545.4s
[sweep] step=486/498 control=random seed=0 frac=0.4871 nll_target=12.100956499576569 acc_target=None elapsed=3546.5s
[sweep] step=486/498 control=random seed=1 frac=0.4871 nll_target=5.24546305835247 acc_target=None elapsed=3547.5s
[sweep] step=486/498 control=random seed=2 frac=0.4871 nll_target=5.172458589076996 acc_target=None elapsed=3548.5s
[sweep] step=487/498 control=low seed=None frac=0.4881 nll_target=1.1182419918477535 acc_target=None elapsed=3549.5s
[sweep] step=487/498 control=random seed=0 frac=0.4881 nll_target=12.256646990776062 acc_target=None elapsed=3550.5s
[sweep] step=487/498 control=random seed=1 frac=0.4881 nll_target=5.25998330116272 acc_target=None elapsed=3551.5s
[sweep] step=487/498 control=random seed=2 frac=0.4881 nll_target=5.174606561660767 acc_target=None elapsed=3552.5s
[sweep] step=488/498 control=low seed=None frac=0.4891 nll_target=1.1296742334961891 acc_target=None elapsed=3553.5s
[sweep] step=488/498 control=random seed=0 frac=0.4891 nll_target=12.046742022037506 acc_target=None elapsed=3554.5s
[sweep] step=488/498 control=random seed=1 frac=0.4891 nll_target=5.253994047641754 acc_target=None elapsed=3555.6s
[sweep] step=488/498 control=random seed=2 frac=0.4891 nll_target=5.187063843011856 acc_target=None elapsed=3556.6s
[sweep] step=489/498 control=low seed=None frac=0.4901 nll_target=1.1243210099637508 acc_target=None elapsed=3557.7s
[sweep] step=489/498 control=random seed=0 frac=0.4901 nll_target=12.188913762569427 acc_target=None elapsed=3558.7s
[sweep] step=489/498 control=random seed=1 frac=0.4901 nll_target=5.23043829202652 acc_target=None elapsed=3559.7s
[sweep] step=489/498 control=random seed=2 frac=0.4901 nll_target=5.1727705001831055 acc_target=None elapsed=3560.7s
[sweep] step=490/498 control=low seed=None frac=0.4911 nll_target=1.1334808468818665 acc_target=None elapsed=3561.7s
[sweep] step=490/498 control=random seed=0 frac=0.4911 nll_target=12.051836431026459 acc_target=None elapsed=3562.8s
[sweep] step=490/498 control=random seed=1 frac=0.4911 nll_target=5.19794625043869 acc_target=None elapsed=3563.8s
[sweep] step=490/498 control=random seed=2 frac=0.4911 nll_target=5.163712829351425 acc_target=None elapsed=3564.9s
[sweep] step=491/498 control=low seed=None frac=0.4921 nll_target=1.1381636038422585 acc_target=None elapsed=3565.9s
[sweep] step=491/498 control=random seed=0 frac=0.4921 nll_target=12.144666016101837 acc_target=None elapsed=3566.9s
[sweep] step=491/498 control=random seed=1 frac=0.4921 nll_target=5.1956627368927 acc_target=None elapsed=3568.0s
[sweep] step=491/498 control=random seed=2 frac=0.4921 nll_target=5.157854586839676 acc_target=None elapsed=3569.0s
[sweep] step=492/498 control=low seed=None frac=0.4931 nll_target=1.1252107359468937 acc_target=None elapsed=3570.0s
[sweep] step=492/498 control=random seed=0 frac=0.4931 nll_target=12.458956480026245 acc_target=None elapsed=3571.0s
[sweep] step=492/498 control=random seed=1 frac=0.4931 nll_target=5.224167197942734 acc_target=None elapsed=3572.1s
[sweep] step=492/498 control=random seed=2 frac=0.4931 nll_target=5.1824581027030945 acc_target=None elapsed=3573.2s
[sweep] step=493/498 control=low seed=None frac=0.4941 nll_target=1.1307331919670105 acc_target=None elapsed=3574.3s
[sweep] step=493/498 control=random seed=0 frac=0.4941 nll_target=12.253190815448761 acc_target=None elapsed=3575.4s
[sweep] step=493/498 control=random seed=1 frac=0.4941 nll_target=5.286320209503174 acc_target=None elapsed=3576.4s
[sweep] step=493/498 control=random seed=2 frac=0.4941 nll_target=5.174329727888107 acc_target=None elapsed=3577.4s
[sweep] step=494/498 control=low seed=None frac=0.4951 nll_target=1.1393626518547535 acc_target=None elapsed=3578.5s
[sweep] step=494/498 control=random seed=0 frac=0.4951 nll_target=12.49021589756012 acc_target=None elapsed=3579.5s
[sweep] step=494/498 control=random seed=1 frac=0.4951 nll_target=5.338573664426804 acc_target=None elapsed=3580.5s
[sweep] step=494/498 control=random seed=2 frac=0.4951 nll_target=5.182300806045532 acc_target=None elapsed=3581.5s
[sweep] step=495/498 control=low seed=None frac=0.4961 nll_target=1.1378036104142666 acc_target=None elapsed=3582.5s
[sweep] step=495/498 control=random seed=0 frac=0.4961 nll_target=12.361351788043976 acc_target=None elapsed=3583.6s
[sweep] step=495/498 control=random seed=1 frac=0.4961 nll_target=5.3300149738788605 acc_target=None elapsed=3584.6s
[sweep] step=495/498 control=random seed=2 frac=0.4961 nll_target=5.178996205329895 acc_target=None elapsed=3585.6s
[sweep] step=496/498 control=low seed=None frac=0.4971 nll_target=1.1447301544249058 acc_target=None elapsed=3586.6s
[sweep] step=496/498 control=random seed=0 frac=0.4971 nll_target=12.390554130077362 acc_target=None elapsed=3587.7s
[sweep] step=496/498 control=random seed=1 frac=0.4971 nll_target=5.341689646244049 acc_target=None elapsed=3588.7s
[sweep] step=496/498 control=random seed=2 frac=0.4971 nll_target=5.189215868711472 acc_target=None elapsed=3589.7s
[sweep] step=497/498 control=low seed=None frac=0.4981 nll_target=1.150666069239378 acc_target=None elapsed=3590.8s
[sweep] step=497/498 control=random seed=0 frac=0.4981 nll_target=12.310417711734772 acc_target=None elapsed=3591.9s
